Feature ID	Taxon
AB219395.1	k__unidentified;p__Oomycota;c__Stramenopiles;o__Saprolegniales;f__Saprolegniaceae;g__Saprolegnia;s__Saprolegnia_semihypogyna
AB285486.1	k__unidentified;p__Oomycota;c__Stramenopiles;o__Pythiales;f__Lagenidiaceae;g__Salilagenidium;s__Salilagenidium_callinectes
AB285502.1	k__unidentified;p__Oomycota;c__Stramenopiles;o__Pythiales;f__Haliphthoraceae;g__Haliphthoros;s__Haliphthoros_milfordensis
AB285521.1	k__unidentified;p__Oomycota;c__Stramenopiles;o__Pythiales;f__Haliphthoraceae;g__Halocrusticida;s__Halocrusticida_parasitica
AB458661.1	k__unidentified;p__Oomycota;c__Stramenopiles;o__Pythiales;f__Pythiaceae;g__Pilasporangium;s__Pilasporangium_apinafurcum
AB510348.1	k__unidentified;p__Oomycota;c__Stramenopiles;o__Saprolegniales;f__Verrucalvaceae;g__Aphanomyces;s__Aphanomyces_salsuginosus
AB531971.1	k__unidentified;p__Oomycota;c__Stramenopiles;o__Saprolegniales;f__Verrucalvaceae;g__Aphanomyces;s__Aphanomyces_sinensis
AB690622.1	k__unidentified;p__Oomycota;c__Stramenopiles;o__Pythiales;f__Pythiaceae;g__Phytopythium;s__Phytopythium_iriomotense
AB998876.1	k__unidentified;p__Oomycota;c__Stramenopiles;o__Pythiales;f__Pythiaceae;g__Globisporangium;s__Globisporangium_alternatum
AB998878.1	k__unidentified;p__Oomycota;c__Stramenopiles;o__Pythiales;f__Pythiaceae;g__Pythium;s__Pythium_rishiriense
AF266793.2	k__unidentified;p__Oomycota;c__Stramenopiles;o__Peronosporales;f__Peronosporaceae;g__Phytophthora;s__Phytophthora_lacustris
AY151183.1	k__unidentified;p__Oomycota;c__Stramenopiles;o__Pythiales;f__Pythiaceae;g__Lagenidium;s__Lagenidium_giganteum
AY198229.1	k__unidentified;p__Oomycota;c__Stramenopiles;o__Peronosporales;f__Peronosporaceae;g__Peronospora;s__Peronospora_meliloti
AY198240.3	k__unidentified;p__Oomycota;c__Stramenopiles;o__Peronosporales;f__Peronosporaceae;g__Peronospora;s__Peronospora_violae
AY198241.1	k__unidentified;p__Oomycota;c__Stramenopiles;o__Peronosporales;f__Peronosporaceae;g__Peronospora;s__Peronospora_grisea
AY198244.1	k__unidentified;p__Oomycota;c__Stramenopiles;o__Peronosporales;f__Peronosporaceae;g__Peronospora;s__Peronospora_arvensis
AY198246.3	k__unidentified;p__Oomycota;c__Stramenopiles;o__Peronosporales;f__Peronosporaceae;g__Peronospora;s__Peronospora_conglomerata
AY198248.1	k__unidentified;p__Oomycota;c__Stramenopiles;o__Peronosporales;f__Peronosporaceae;g__Peronospora;s__Peronospora_alta
AY198250.3	k__unidentified;p__Oomycota;c__Stramenopiles;o__Peronosporales;f__Peronosporaceae;g__Hyaloperonospora;s__Hyaloperonospora_nesliae
AY198253.3	k__unidentified;p__Oomycota;c__Stramenopiles;o__Peronosporales;f__Peronosporaceae;g__Hyaloperonospora;s__Hyaloperonospora_sisymbrii-sophiae
AY198277.1	k__unidentified;p__Oomycota;c__Stramenopiles;o__Peronosporales;f__Peronosporaceae;g__Peronospora;s__Peronospora_paula
AY198293.3	k__unidentified;p__Oomycota;c__Stramenopiles;o__Peronosporales;f__Peronosporaceae;g__Peronospora;s__Peronospora_valerianellae
AY198298.3	k__unidentified;p__Oomycota;c__Stramenopiles;o__Peronosporales;f__Peronosporaceae;g__Peronospora;s__Peronospora_calotheca
AY198300.3	k__unidentified;p__Oomycota;c__Stramenopiles;o__Peronosporales;f__Peronosporaceae;g__Peronospora;s__Peronospora_aparines
AY198301.3	k__unidentified;p__Oomycota;c__Stramenopiles;o__Peronosporales;f__Peronosporaceae;g__Peronospora;s__Peronospora_sherardiae
AY198306.3	k__unidentified;p__Oomycota;c__Stramenopiles;o__Peronosporales;f__Peronosporaceae;g__Pseudoperonospora;s__Pseudoperonospora_cubensis
AY211016.1	k__unidentified;p__Oomycota;c__Stramenopiles;o__Peronosporales;f__Peronosporaceae;g__Peronospora;s__Peronospora_corydalis
AY211019.1	k__unidentified;p__Oomycota;c__Stramenopiles;o__Peronosporales;f__Peronosporaceae;g__Peronospora;s__Peronospora_manshurica
AY531415.1	k__unidentified;p__Oomycota;c__Stramenopiles;o__Peronosporales;f__Peronosporaceae;g__Hyaloperonospora;s__Hyaloperonospora_teesdaliae
AY531460.1	k__unidentified;p__Oomycota;c__Stramenopiles;o__Peronosporales;f__Peronosporaceae;g__Hyaloperonospora;s__Hyaloperonospora_cheiranthi
AY531467.1	k__unidentified;p__Oomycota;c__Stramenopiles;o__Peronosporales;f__Peronosporaceae;g__Perofascia;s__Perofascia_lepidii
AY608608.1	k__unidentified;p__Oomycota;c__Stramenopiles;o__Peronosporales;f__Peronosporaceae;g__Peronospora;s__Peronospora_astragalina
AY608609.1	k__unidentified;p__Oomycota;c__Stramenopiles;o__Peronosporales;f__Peronosporaceae;g__Peronospora;s__Peronospora_campestris
AY608611.1	k__unidentified;p__Oomycota;c__Stramenopiles;o__Peronosporales;f__Peronosporaceae;g__Peronospora;s__Peronospora_trigonotidis
HQ643111.1	k__unidentified;p__Oomycota;c__Stramenopiles;o__Albuginales;f__Albuginaceae;g__Albugo;s__Albugo_candida
HQ643084.1	k__unidentified;p__Oomycota;c__Stramenopiles;o__Saprolegniales;f__Achlyaceae;g__Achlya;s__Achlya_americana
DQ131914.1	k__unidentified;p__Oomycota;c__Stramenopiles;o__Peronosporales;f__Peronosporaceae;g__Plasmopara;s__Plasmopara_geranii-sylvatici
DQ131921.1	k__unidentified;p__Oomycota;c__Stramenopiles;o__Peronosporales;f__Peronosporaceae;g__Plasmopara;s__Plasmopara_praetermissa
DQ396410.1	k__unidentified;p__Oomycota;c__Stramenopiles;o__Peronosporales;f__Peronosporaceae;g__Phytophthora;s__Phytophthora_polonica
DQ643920.1	k__unidentified;p__Oomycota;c__Stramenopiles;o__Albuginales;f__Albuginaceae;g__Albugo;s__Albugo_ipomoeae-panduratae
DQ665668.1	k__unidentified;p__Oomycota;c__Stramenopiles;o__Peronosporales;f__Peronosporaceae;g__Plasmopara;s__Plasmopara_viticola
KX090289.1	k__unidentified;p__Oomycota;c__Stramenopiles;o__Peronosporales;f__Peronosporaceae;g__Peronospora;s__Peronospora_tabacina
DQ874346.1	k__unidentified;p__Oomycota;c__Stramenopiles;o__Peronosporales;f__Peronosporaceae;g__Peronospora;s__Peronospora_sparsa
DQ885385.1	k__unidentified;p__Oomycota;c__Stramenopiles;o__Peronosporales;f__Peronosporaceae;g__Peronospora;s__Peronospora_destructor
DQ916359.1	k__unidentified;p__Oomycota;c__Stramenopiles;o__Pythiales;f__Pythiaceae;g__Phytopythium;s__Phytopythium_mercuriale
EF174893.1	k__unidentified;p__Oomycota;c__Stramenopiles;o__Peronosporales;f__Peronosporaceae;g__Peronospora;s__Peronospora_ervi
EF174897.1	k__unidentified;p__Oomycota;c__Stramenopiles;o__Peronosporales;f__Peronosporaceae;g__Peronospora;s__Peronospora_tetragonolobi
EF174903.1	k__unidentified;p__Oomycota;c__Stramenopiles;o__Peronosporales;f__Peronosporaceae;g__Peronospora;s__Peronospora_aestivalis
EF174905.1	k__unidentified;p__Oomycota;c__Stramenopiles;o__Peronosporales;f__Peronosporaceae;g__Peronospora;s__Peronospora_medicaginis-minimae
EF174906.1	k__unidentified;p__Oomycota;c__Stramenopiles;o__Peronosporales;f__Peronosporaceae;g__Peronospora;s__Peronospora_medicaginis-orbicularis
EF174923.1	k__unidentified;p__Oomycota;c__Stramenopiles;o__Peronosporales;f__Peronosporaceae;g__Peronospora;s__Peronospora_trifolii-minoris
EF174929.1	k__unidentified;p__Oomycota;c__Stramenopiles;o__Peronosporales;f__Peronosporaceae;g__Peronospora;s__Peronospora_trifoliorum
EF553487.2	k__unidentified;p__Oomycota;c__Stramenopiles;o__Peronosporales;f__Peronosporaceae;g__Basidiophora;s__Basidiophora_entospora
EF553509.1	k__unidentified;p__Oomycota;c__Stramenopiles;o__Peronosporales;f__Peronosporaceae;g__Plasmopara;s__Plasmopara_euphrasiae
EF614956.1	k__unidentified;p__Oomycota;c__Stramenopiles;o__Peronosporales;f__Peronosporaceae;g__Peronospora;s__Peronospora_chenopodii-polyspermi
EU049282.1	k__unidentified;p__Oomycota;c__Stramenopiles;o__Peronosporales;f__Peronosporaceae;g__Hyaloperonospora;s__Hyaloperonospora_parasitica
EU049213.1	k__unidentified;p__Oomycota;c__Stramenopiles;o__Peronosporales;f__Peronosporaceae;g__Hyaloperonospora;s__Hyaloperonospora_isatidis
EU049214.1	k__unidentified;p__Oomycota;c__Stramenopiles;o__Peronosporales;f__Peronosporaceae;g__Hyaloperonospora;s__Hyaloperonospora_hesperidis
EU049216.1	k__unidentified;p__Oomycota;c__Stramenopiles;o__Peronosporales;f__Peronosporaceae;g__Hyaloperonospora;s__Hyaloperonospora_brassicae
EU049217.1	k__unidentified;p__Oomycota;c__Stramenopiles;o__Peronosporales;f__Peronosporaceae;g__Hyaloperonospora;s__Hyaloperonospora_camelinae
EU049237.1	k__unidentified;p__Oomycota;c__Stramenopiles;o__Peronosporales;f__Peronosporaceae;g__Hyaloperonospora;s__Hyaloperonospora_erophilae
EU049229.1	k__unidentified;p__Oomycota;c__Stramenopiles;o__Peronosporales;f__Peronosporaceae;g__Hyaloperonospora;s__Hyaloperonospora_barbareae
EU240083.1	k__unidentified;p__Oomycota;c__Stramenopiles;o__Saprolegniales;f__Saprolegniaceae;g__Pythiopsis;s__Pythiopsis_cymosa
EU301169.2	k__unidentified;p__Oomycota;c__Stramenopiles;o__Peronosporales;f__Peronosporaceae;g__Phytophthora;s__Phytophthora_personensis
EU339312.1	k__unidentified;p__Oomycota;c__Stramenopiles;o__Pythiales;f__Pythiaceae;g__Phytopythium;s__Phytopythium_delawarense
EU513600.1	k__unidentified;p__Oomycota;c__Stramenopiles;o__Peronosporales;f__Peronosporaceae;g__Peronospora;s__Peronospora_perillae
EU583793.1	k__unidentified;p__Oomycota;c__Stramenopiles;o__Peronosporales;f__Peronosporaceae;g__Phytophthora;s__Phytophthora_honggalleglyana
EU591713.1	k__unidentified;p__Oomycota;c__Stramenopiles;o__Peronosporales;f__Peronosporaceae;g__Peronospora;s__Peronospora_farinosa
EU925376.1	k__unidentified;p__Oomycota;c__Stramenopiles;o__Peronosporales;f__Peronosporaceae;g__Phytophthora;s__Phytophthora_rosacearum
FJ217680.1	k__unidentified;p__Oomycota;c__Stramenopiles;o__Peronosporales;f__Peronosporaceae;g__Phytophthora;s__Phytophthora_gemini
FJ468374.1	k__unidentified;p__Oomycota;c__Stramenopiles;o__Albuginales;f__Albuginaceae;g__Albugo;s__Albugo_laibachii
FJ660490.2	k__unidentified;p__Oomycota;c__Stramenopiles;o__Pythiales;f__Pythiaceae;g__Pythium;s__Pythium_echinogynum
FJ660492.1	k__unidentified;p__Oomycota;c__Stramenopiles;o__Pythiales;f__Pythiaceae;g__Globisporangium;s__Globisporangium_stipitatum
FJ746648.1	k__unidentified;p__Oomycota;c__Stramenopiles;o__Peronosporales;f__Peronosporaceae;g__Phytophthora;s__Phytophthora_pistaciae
FM992370.1	k__unidentified;p__Oomycota;c__Stramenopiles;o__Saprolegniales;f__Verrucalvaceae;g__Aphanomyces;s__Aphanomyces_frigidophilus
FR751317.1	k__unidentified;p__Oomycota;c__Stramenopiles;o__Pythiales;f__Pythiaceae;g__Globisporangium;s__Globisporangium_breve
FR775440.1	k__unidentified;p__Oomycota;c__Stramenopiles;o__Pythiales;f__Pythiaceae;g__Globisporangium;s__Globisporangium_baisense
GQ244428.2	k__unidentified;p__Oomycota;c__Stramenopiles;o__Pythiales;f__Pythiaceae;g__Globisporangium;s__Globisporangium_emineosum
GQ267830.1	k__unidentified;p__Oomycota;c__Stramenopiles;o__Pythiales;f__Pythiaceae;g__Pythium;s__Pythium_guangxiense
GQ421459.1	k__unidentified;p__Oomycota;c__Stramenopiles;o__Peronosporales;f__Peronosporaceae;g__Peronospora;s__Peronospora_trigonellae
GQ919014.1	k__unidentified;p__Oomycota;c__Stramenopiles;o__Peronosporales;f__Peronosporaceae;g__Peronospora;s__Peronospora_verbenae
GU189410.1	k__unidentified;p__Oomycota;c__Stramenopiles;o__Peronosporales;f__Peronosporaceae;g__Hyaloperonospora;s__Hyaloperonospora_drabae
GU189413.1	k__unidentified;p__Oomycota;c__Stramenopiles;o__Peronosporales;f__Peronosporaceae;g__Hyaloperonospora;s__Hyaloperonospora_norvegica
GU292148.1	k__unidentified;p__Oomycota;c__Stramenopiles;o__Albuginales;f__Albuginaceae;g__Albugo;s__Albugo_cf._leimonios
GU292155.1	k__unidentified;p__Oomycota;c__Stramenopiles;o__Albuginales;f__Albuginaceae;g__Albugo;s__Albugo_hohenheimia
GU993896.1	k__unidentified;p__Oomycota;c__Stramenopiles;o__Peronosporales;f__Peronosporaceae;g__Phytophthora;s__Phytophthora_inflata
HM004232.1	k__unidentified;p__Oomycota;c__Stramenopiles;o__Peronosporales;f__Peronosporaceae;g__Phytophthora;s__Phytophthora_borealis
HM004511.1	k__unidentified;p__Oomycota;c__Stramenopiles;o__Peronosporales;f__Peronosporaceae;g__Plasmoverna;s__Plasmoverna_anemones-ranunculoides
HM004512.1	k__unidentified;p__Oomycota;c__Stramenopiles;o__Peronosporales;f__Peronosporaceae;g__Plasmopara;s__Plasmopara_pusilla
HM004513.1	k__unidentified;p__Oomycota;c__Stramenopiles;o__Peronosporales;f__Peronosporaceae;g__Plasmopara;s__Plasmopara_nivea
HM636048.1	k__unidentified;p__Oomycota;c__Stramenopiles;o__Peronosporales;f__Peronosporaceae;g__Pseudoperonospora;s__Pseudoperonospora_urticae
HM636052.1	k__unidentified;p__Oomycota;c__Stramenopiles;o__Peronosporales;f__Peronosporaceae;g__Pseudoperonospora;s__Pseudoperonospora_cannabina
HQ012953.1	k__unidentified;p__Oomycota;c__Stramenopiles;o__Peronosporales;f__Peronosporaceae;g__Phytophthora;s__Phytophthora_taxon_paludosa
HQ012957.1	k__unidentified;p__Oomycota;c__Stramenopiles;o__Peronosporales;f__Peronosporaceae;g__Phytophthora;s__Phytophthora_cooljarloo
HQ013219.1	k__unidentified;p__Oomycota;c__Stramenopiles;o__Peronosporales;f__Peronosporaceae;g__Phytophthora;s__Phytophthora_arenaria
HQ111455.1	k__unidentified;p__Oomycota;c__Stramenopiles;o__Pythiales;f__Pythiaceae;g__Lagenidium;s__Lagenidium_deciduum
HQ111461.1	k__unidentified;p__Oomycota;c__Stramenopiles;o__Pythiales;f__Pythiaceae;g__Lagenidium;s__Lagenidium_sp._PWL-2010b
HQ232465.1	k__unidentified;p__Oomycota;c__Stramenopiles;o__Peronosporales;f__Peronosporaceae;g__Halophytophthora;s__Halophytophthora_sp._LT6430
HQ232466.1	k__unidentified;p__Oomycota;c__Stramenopiles;o__Peronosporales;f__Salisapiliaceae;g__Salisapilia;s__Salisapilia_sapeloensis
HQ232467.1	k__unidentified;p__Oomycota;c__Stramenopiles;o__Peronosporales;f__Salisapiliaceae;g__Salisapilia;s__Salisapilia_nakagirii
HQ261711.1	k__unidentified;p__Oomycota;c__Stramenopiles;o__Peronosporales;f__Peronosporaceae;g__Phytophthora;s__Phytophthora_sulawesiensis
HQ377371.1	k__unidentified;p__Oomycota;c__Stramenopiles;o__Albuginales;f__Albuginaceae;g__Albugo;s__Albugo_rorippae
HQ643085.1	k__unidentified;p__Oomycota;c__Stramenopiles;o__Saprolegniales;f__Achlyaceae;g__Achlya;s__Achlya_aquatica
HQ643088.1	k__unidentified;p__Oomycota;c__Stramenopiles;o__Saprolegniales;f__Achlyaceae;g__Achlya;s__Achlya_bisexualis
HQ643089.1	k__unidentified;p__Oomycota;c__Stramenopiles;o__Saprolegniales;f__Achlyaceae;g__Achlya;s__Achlya_caroliniana
HQ643091.1	k__unidentified;p__Oomycota;c__Stramenopiles;o__Saprolegniales;f__Achlyaceae;g__Achlya;s__Achlya_colorata
HQ643092.1	k__unidentified;p__Oomycota;c__Stramenopiles;o__Saprolegniales;f__Achlyaceae;g__Achlya;s__Achlya_conspicua
HQ643094.1	k__unidentified;p__Oomycota;c__Stramenopiles;o__Saprolegniales;f__Achlyaceae;g__Achlya;s__Achlya_dubia
HQ643097.1	k__unidentified;p__Oomycota;c__Stramenopiles;o__Saprolegniales;f__Achlyaceae;g__Achlya;s__Achlya_flagellata
HQ643098.1	k__unidentified;p__Oomycota;c__Stramenopiles;o__Saprolegniales;f__Achlyaceae;g__Achlya;s__Achlya_glomerata
HQ643100.1	k__unidentified;p__Oomycota;c__Stramenopiles;o__Saprolegniales;f__Achlyaceae;g__Achlya;s__Achlya_heterosexualis
HQ643101.1	k__unidentified;p__Oomycota;c__Stramenopiles;o__Saprolegniales;f__Saprolegniaceae;g__Newbya;s__Newbya_oligocantha
HQ643102.1	k__unidentified;p__Oomycota;c__Stramenopiles;o__Saprolegniales;f__Achlyaceae;g__Achlya;s__Achlya_papillosa
HQ643105.1	k__unidentified;p__Oomycota;c__Stramenopiles;o__Saprolegniales;f__Saprolegniaceae;g__Cokeria;s__Cokeria_racemosa
HQ643106.1	k__unidentified;p__Oomycota;c__Stramenopiles;o__Saprolegniales;f__Saprolegniaceae;g__Cokeria;s__Cokeria_radiosa
HQ643107.1	k__unidentified;p__Oomycota;c__Stramenopiles;o__Saprolegniales;f__Achlyaceae;g__Achlya;s__Achlya_recurva
HQ643108.1	k__unidentified;p__Oomycota;c__Stramenopiles;o__Saprolegniales;f__Saprolegniaceae;g__Cokeria;s__Cokeria_sparrowii
HQ643109.1	k__unidentified;p__Oomycota;c__Stramenopiles;o__Saprolegniales;f__Saprolegniaceae;g__Newbya;s__Newbya_spinosa
HQ643114.1	k__unidentified;p__Oomycota;c__Stramenopiles;o__Saprolegniales;f__Verrucalvaceae;g__Aphanomyces;s__Aphanomyces_cladogamus
HQ643115.1	k__unidentified;p__Oomycota;c__Stramenopiles;o__Saprolegniales;f__Verrucalvaceae;g__Aphanomyces;s__Aphanomyces_cochlioides
HQ643120.1	k__unidentified;p__Oomycota;c__Stramenopiles;o__Saprolegniales;f__Verrucalvaceae;g__Aphanomyces;s__Aphanomyces_euteiches
HQ643121.1	k__unidentified;p__Oomycota;c__Stramenopiles;o__Saprolegniales;f__Verrucalvaceae;g__Aphanomyces;s__Aphanomyces_iridis
HQ643122.1	k__unidentified;p__Oomycota;c__Stramenopiles;o__Saprolegniales;f__Verrucalvaceae;g__Aphanomyces;s__Aphanomyces_laevis
HQ643125.1	k__unidentified;p__Oomycota;c__Stramenopiles;o__Leptomitales;f__Leptomitaceae;g__Apodachlya;s__Apodachlya_brachynema
HQ643126.1	k__unidentified;p__Oomycota;c__Stramenopiles;o__Leptomitales;f__Leptomitaceae;g__Apodachlya;s__Apodachlya_minima
HQ643127.1	k__unidentified;p__Oomycota;c__Stramenopiles;o__Saprolegniales;f__Achlyaceae;g__Brevilegnia;s__Brevilegnia_gracilis
HQ643128.1	k__unidentified;p__Oomycota;c__Stramenopiles;o__Saprolegniales;f__Achlyaceae;g__Brevilegnia;s__Brevilegnia_macrospora
HQ643129.1	k__unidentified;p__Oomycota;c__Stramenopiles;o__Saprolegniales;f__Achlyaceae;g__Brevilegnia;s__Brevilegnia_unisperma
HQ643130.1	k__unidentified;p__Oomycota;c__Stramenopiles;o__Saprolegniales;f__Achlyaceae;g__Brevilegnia;s__Brevilegnia_milaneziana
HQ643131.1	k__unidentified;p__Oomycota;c__Stramenopiles;o__Myzocytiopsidales;f__Eurychasmataceae;g__Eurychasma;s__Eurychasma_dicksonii
KT455401.1	k__unidentified;p__Oomycota;c__Stramenopiles;o__Peronosporales;f__Peronosporaceae;g__Halophytophthora;s__Halophytophthora_exoprolifera
KJ399961.1	k__unidentified;p__Oomycota;c__Stramenopiles;o__Pythiales;f__Pythiaceae;g__Phytopythium;s__Phytopythium_kandeliae
HQ643135.1	k__unidentified;p__Oomycota;c__Stramenopiles;o__Peronosporales;f__Salisapiliaceae;g__Salisapilia;s__Salisapilia_tartarea
HQ643136.1	k__unidentified;p__Oomycota;c__Stramenopiles;o__Pythiales;f__Pythiaceae;g__Lagenidium;s__Lagenidium_caudatum
HQ643137.1	k__unidentified;p__Oomycota;c__Stramenopiles;o__Saprolegniales;f__Saprolegniaceae;g__Leptolegnia;s__Leptolegnia_caudata
HQ643146.1	k__unidentified;p__Oomycota;c__Stramenopiles;o__Peronosporales;f__Peronosporaceae;g__Phytophthora;s__Phytophthora_arecae
HQ643147.1	k__unidentified;p__Oomycota;c__Stramenopiles;o__Peronosporales;f__Peronosporaceae;g__Halophytophthora;s__Halophytophthora_avicenniae
HQ643148.1	k__unidentified;p__Oomycota;c__Stramenopiles;o__Peronosporales;f__Peronosporaceae;g__Halophytophthora;s__Halophytophthora_batemanensis
HQ643220.1	k__unidentified;p__Oomycota;c__Stramenopiles;o__Peronosporales;f__Salisapiliaceae;g__Salisapilia;s__Salisapilia_epistomia
HQ643231.1	k__unidentified;p__Oomycota;c__Stramenopiles;o__Peronosporales;f__Peronosporaceae;g__Phytophthora;s__Phytophthora_fragariae
HQ643236.1	k__unidentified;p__Oomycota;c__Stramenopiles;o__Peronosporales;f__Peronosporaceae;g__Phytophthora;s__Phytophthora_gonapodyides
HQ643242.1	k__unidentified;p__Oomycota;c__Stramenopiles;o__Peronosporales;f__Peronosporaceae;g__Phytophthora;s__Phytophthora_himalayensis
HQ643255.1	k__unidentified;p__Oomycota;c__Stramenopiles;o__Peronosporales;f__Peronosporaceae;g__Phytophthora;s__Phytophthora_katsurae
KT455390.1	k__unidentified;p__Oomycota;c__Stramenopiles;o__Peronosporales;f__Peronosporaceae;g__Halophytophthora;s__Halophytophthora_polymorphica
HQ643344.1	k__unidentified;p__Oomycota;c__Stramenopiles;o__Peronosporales;f__Peronosporaceae;g__Phytophthora;s__Phytophthora_sinensis
HQ643363.1	k__unidentified;p__Oomycota;c__Stramenopiles;o__Peronosporales;f__Peronosporaceae;g__Phytophthora;s__Phytophthora_tabaci
HQ643371.1	k__unidentified;p__Oomycota;c__Stramenopiles;o__Pythiales;f__Pythiaceae;g__Phytopythium;s__Phytopythium_aff._vexans
HQ643372.1	k__unidentified;p__Oomycota;c__Stramenopiles;o__Pythiales;f__Pythiaceae;g__Phytopythium;s__Phytopythium_boreale
HQ643373.2	k__unidentified;p__Oomycota;c__Stramenopiles;o__Pythiales;f__Pythiaceae;g__Phytopythium;s__Phytopythium_carbonicum
HQ643374.1	k__unidentified;p__Oomycota;c__Stramenopiles;o__Pythiales;f__Pythiaceae;g__Phytopythium;s__Phytopythium_chamaehyphon
HQ643380.1	k__unidentified;p__Oomycota;c__Stramenopiles;o__Pythiales;f__Pythiaceae;g__Phytopythium;s__Phytopythium_citrinum
HQ643381.1	k__unidentified;p__Oomycota;c__Stramenopiles;o__Pythiales;f__Pythiaceae;g__Phytopythium;s__Phytopythium_cucurbitacearum_(nom._inval.)
HQ643384.1	k__unidentified;p__Oomycota;c__Stramenopiles;o__Pythiales;f__Pythiaceae;g__Phytopythium;s__Phytopythium_helicoides
HQ643388.2	k__unidentified;p__Oomycota;c__Stramenopiles;o__Pythiales;f__Pythiaceae;g__Phytopythium;s__Phytopythium_megacarpum
HQ643391.1	k__unidentified;p__Oomycota;c__Stramenopiles;o__Pythiales;f__Pythiaceae;g__Phytopythium;s__Phytopythium_montanum
HQ643395.1	k__unidentified;p__Oomycota;c__Stramenopiles;o__Pythiales;f__Pythiaceae;g__Phytopythium;s__Phytopythium_ostracodes
HQ643396.2	k__unidentified;p__Oomycota;c__Stramenopiles;o__Pythiales;f__Pythiaceae;g__Phytopythium;s__Phytopythium_sindhum
HQ643402.1	k__unidentified;p__Oomycota;c__Stramenopiles;o__Saprolegniales;f__Verrucalvaceae;g__Plectospira;s__Plectospira_myriandra
HQ643404.1	k__unidentified;p__Oomycota;c__Stramenopiles;o__Saprolegniales;f__Saprolegniaceae;g__Protoachlya;s__Protoachlya_paradoxa
HQ643405.1	k__unidentified;p__Oomycota;c__Stramenopiles;o__Pythiales;f__Pythiogetonaceae;g__Pythiogeton;s__Pythiogeton_zeae
HQ643407.1	k__unidentified;p__Oomycota;c__Stramenopiles;o__Saprolegniales;f__Saprolegniaceae;g__Pythiopsis;s__Pythiopsis_terrestris
HQ643408.2	k__unidentified;p__Oomycota;c__Stramenopiles;o__Pythiales;f__Pythiaceae;g__Globisporangium;s__Globisporangium_abappressorium
HQ643412.1	k__unidentified;p__Oomycota;c__Stramenopiles;o__Pythiales;f__Pythiaceae;g__Pythium;s__Pythium_acanthicum
HQ643413.1	k__unidentified;p__Oomycota;c__Stramenopiles;o__Pythiales;f__Pythiaceae;g__Globisporangium;s__Globisporangium_acanthophoron
HQ643414.1	k__unidentified;p__Oomycota;c__Stramenopiles;o__Pythiales;f__Pythiaceae;g__Globisporangium;s__Globisporangium_acrogynum
HQ643415.1	k__unidentified;p__Oomycota;c__Stramenopiles;o__Pythiales;f__Pythiaceae;g__Pythium;s__Pythium_adhaerens
HQ643416.1	k__unidentified;p__Oomycota;c__Stramenopiles;o__Pythiales;f__Pythiaceae;g__Pythium;s__Pythium_afertile
HQ643417.1	k__unidentified;p__Oomycota;c__Stramenopiles;o__Pythiales;f__Pythiaceae;g__Pythium;s__Pythium_aff._diclinum
HQ643419.1	k__unidentified;p__Oomycota;c__Stramenopiles;o__Pythiales;f__Pythiaceae;g__Pythium;s__Pythium_aff._dictyosporum
HQ643427.1	k__unidentified;p__Oomycota;c__Stramenopiles;o__Pythiales;f__Pythiaceae;g__Globisporangium;s__Globisporangium_aff._perplexum
HQ643434.1	k__unidentified;p__Oomycota;c__Stramenopiles;o__Pythiales;f__Pythiaceae;g__Pythium;s__Pythium_amasculinum
HQ643436.1	k__unidentified;p__Oomycota;c__Stramenopiles;o__Pythiales;f__Pythiaceae;g__Elongisporangium;s__Elongisporangium_anandrum
HQ643437.1	k__unidentified;p__Oomycota;c__Stramenopiles;o__Pythiales;f__Pythiaceae;g__Pythium;s__Pythium_angustatum
HQ643442.1	k__unidentified;p__Oomycota;c__Stramenopiles;o__Pythiales;f__Pythiaceae;g__Pythium;s__Pythium_aphanidermatum
HQ643443.2	k__unidentified;p__Oomycota;c__Stramenopiles;o__Pythiales;f__Pythiaceae;g__Globisporangium;s__Globisporangium_apiculatum
HQ643444.1	k__unidentified;p__Oomycota;c__Stramenopiles;o__Pythiales;f__Pythiaceae;g__Pythium;s__Pythium_apleroticum
HQ643446.1	k__unidentified;p__Oomycota;c__Stramenopiles;o__Pythiales;f__Pythiaceae;g__Pythium;s__Pythium_aquatile
HQ643448.1	k__unidentified;p__Oomycota;c__Stramenopiles;o__Pythiales;f__Pythiaceae;g__Pythium;s__Pythium_aristosporum
HQ643472.1	k__unidentified;p__Oomycota;c__Stramenopiles;o__Pythiales;f__Pythiaceae;g__Pythium;s__Pythium_arrhenomanes
HQ643477.1	k__unidentified;p__Oomycota;c__Stramenopiles;o__Pythiales;f__Pythiaceae;g__Globisporangium;s__Globisporangium_attrantheridium
HQ643481.1	k__unidentified;p__Oomycota;c__Stramenopiles;o__Pythiales;f__Pythiaceae;g__Globisporangium;s__Globisporangium_camurandrum
HQ643482.1	k__unidentified;p__Oomycota;c__Stramenopiles;o__Pythiales;f__Pythiaceae;g__Globisporangium;s__Globisporangium_canariense
HQ643483.1	k__unidentified;p__Oomycota;c__Stramenopiles;o__Pythiales;f__Pythiaceae;g__Pythium;s__Pythium_capillosum
HQ643488.1	k__unidentified;p__Oomycota;c__Stramenopiles;o__Pythiales;f__Pythiaceae;g__Globisporangium;s__Globisporangium_carolinianum
HQ643494.1	k__unidentified;p__Oomycota;c__Stramenopiles;o__Pythiales;f__Pythiaceae;g__Pythium;s__Pythium_catenulatum
HQ643499.1	k__unidentified;p__Oomycota;c__Stramenopiles;o__Pythiales;f__Pythiaceae;g__Pythium;s__Pythium_chondricola
HQ643513.1	k__unidentified;p__Oomycota;c__Stramenopiles;o__Pythiales;f__Pythiaceae;g__Pythium;s__Pythium_conidiophorum
HQ643514.1	k__unidentified;p__Oomycota;c__Stramenopiles;o__Pythiales;f__Pythiaceae;g__Pythium;s__Pythium_contiguanum
HQ643515.2	k__unidentified;p__Oomycota;c__Stramenopiles;o__Pythiales;f__Pythiaceae;g__Globisporangium;s__Globisporangium_cryptoirregulare
HQ643517.1	k__unidentified;p__Oomycota;c__Stramenopiles;o__Pythiales;f__Pythiaceae;g__Globisporangium;s__Globisporangium_cylindrosporum
HQ643518.2	k__unidentified;p__Oomycota;c__Stramenopiles;o__Pythiales;f__Pythiaceae;g__Globisporangium;s__Globisporangium_cystogenes
HQ643519.1	k__unidentified;p__Oomycota;c__Stramenopiles;o__Pythiales;f__Pythiaceae;g__Globisporangium;s__Globisporangium_debaryanum
HQ643522.1	k__unidentified;p__Oomycota;c__Stramenopiles;o__Pythiales;f__Pythiaceae;g__Pythium;s__Pythium_deliense
HQ643524.1	k__unidentified;p__Oomycota;c__Stramenopiles;o__Pythiales;f__Pythiaceae;g__Pythium;s__Pythium_diclinum
HQ643525.1	k__unidentified;p__Oomycota;c__Stramenopiles;o__Pythiales;f__Pythiaceae;g__Elongisporangium;s__Elongisporangium_dimorphum
HQ643527.1	k__unidentified;p__Oomycota;c__Stramenopiles;o__Pythiales;f__Pythiaceae;g__Pythium;s__Pythium_dissimile
HQ643531.1	k__unidentified;p__Oomycota;c__Stramenopiles;o__Pythiales;f__Pythiaceae;g__Globisporangium;s__Globisporangium_echinulatum
HQ643535.1	k__unidentified;p__Oomycota;c__Stramenopiles;o__Pythiales;f__Pythiaceae;g__Globisporangium;s__Globisporangium_erinaceum
HQ643539.1	k__unidentified;p__Oomycota;c__Stramenopiles;o__Pythiales;f__Pythiaceae;g__Pythium;s__Pythium_flevoense
HQ643540.1	k__unidentified;p__Oomycota;c__Stramenopiles;o__Pythiales;f__Pythiaceae;g__Pythium;s__Pythium_folliculosum
HQ643544.1	k__unidentified;p__Oomycota;c__Stramenopiles;o__Pythiales;f__Pythiaceae;g__Globisporangium;s__Globisporangium_glomeratum
HQ643545.1	k__unidentified;p__Oomycota;c__Stramenopiles;o__Pythiales;f__Pythiaceae;g__Pythium;s__Pythium_graminicola
HQ643546.1	k__unidentified;p__Oomycota;c__Stramenopiles;o__Pythiales;f__Pythiaceae;g__Pythium;s__Pythium_grandisporangium
HQ643550.1	k__unidentified;p__Oomycota;c__Stramenopiles;o__Pythiales;f__Pythiaceae;g__Elongisporangium;s__Elongisporangium_helicandrum
HQ643563.1	k__unidentified;p__Oomycota;c__Stramenopiles;o__Pythiales;f__Pythiaceae;g__Globisporangium;s__Globisporangium_heterothallicum
HQ643564.1	k__unidentified;p__Oomycota;c__Stramenopiles;o__Pythiales;f__Pythiaceae;g__Pythium;s__Pythium_hydnosporum
HQ643565.1	k__unidentified;p__Oomycota;c__Stramenopiles;o__Pythiales;f__Pythiaceae;g__Globisporangium;s__Globisporangium_hypogynum
HQ643570.1	k__unidentified;p__Oomycota;c__Stramenopiles;o__Pythiales;f__Pythiaceae;g__Pythium;s__Pythium_insidiosum
HQ643579.1	k__unidentified;p__Oomycota;c__Stramenopiles;o__Pythiales;f__Pythiaceae;g__Globisporangium;s__Globisporangium_intermedium
HQ643669.1	k__unidentified;p__Oomycota;c__Stramenopiles;o__Pythiales;f__Pythiaceae;g__Globisporangium;s__Globisporangium_iwayamae
HQ643670.1	k__unidentified;p__Oomycota;c__Stramenopiles;o__Pythiales;f__Pythiaceae;g__Pythium;s__Pythium_jasmonium
HQ643671.2	k__unidentified;p__Oomycota;c__Stramenopiles;o__Pythiales;f__Pythiaceae;g__Pythium;s__Pythium_kashmirense
HQ643672.1	k__unidentified;p__Oomycota;c__Stramenopiles;o__Pythiales;f__Pythiaceae;g__Globisporangium;s__Globisporangium_kunmingense
HQ643677.1	k__unidentified;p__Oomycota;c__Stramenopiles;o__Pythiales;f__Pythiaceae;g__Phytopythium;s__Phytopythium_litorale
HQ643679.1	k__unidentified;p__Oomycota;c__Stramenopiles;o__Pythiales;f__Pythiaceae;g__Pythium;s__Pythium_longandrum
HQ643680.1	k__unidentified;p__Oomycota;c__Stramenopiles;o__Pythiales;f__Pythiaceae;g__Globisporangium;s__Globisporangium_longisporangium
HQ643681.2	k__unidentified;p__Oomycota;c__Stramenopiles;o__Pythiales;f__Pythiaceae;g__Globisporangium;s__Globisporangium_lucens
HQ643682.1	k__unidentified;p__Oomycota;c__Stramenopiles;o__Pythiales;f__Pythiaceae;g__Pythium;s__Pythium_lutarium
HQ643683.1	k__unidentified;p__Oomycota;c__Stramenopiles;o__Pythiales;f__Pythiaceae;g__Pythium;s__Pythium_lycopersicum
HQ643686.1	k__unidentified;p__Oomycota;c__Stramenopiles;o__Pythiales;f__Pythiaceae;g__Globisporangium;s__Globisporangium_macrosporum
HQ643689.1	k__unidentified;p__Oomycota;c__Stramenopiles;o__Pythiales;f__Pythiaceae;g__Globisporangium;s__Globisporangium_mamillatum
HQ643690.1	k__unidentified;p__Oomycota;c__Stramenopiles;o__Pythiales;f__Pythiaceae;g__Globisporangium;s__Globisporangium_marsipium
HQ643692.1	k__unidentified;p__Oomycota;c__Stramenopiles;o__Pythiales;f__Pythiaceae;g__Globisporangium;s__Globisporangium_mastophorum
HQ643693.1	k__unidentified;p__Oomycota;c__Stramenopiles;o__Pythiales;f__Pythiaceae;g__Globisporangium;s__Globisporangium_megalacanthum
HQ643694.1	k__unidentified;p__Oomycota;c__Stramenopiles;o__Pythiales;f__Pythiaceae;g__Globisporangium;s__Globisporangium_middletonii
HQ643696.1	k__unidentified;p__Oomycota;c__Stramenopiles;o__Pythiales;f__Pythiaceae;g__Globisporangium;s__Globisporangium_minor
HQ643699.1	k__unidentified;p__Oomycota;c__Stramenopiles;o__Pythiales;f__Pythiaceae;g__Pythium;s__Pythium_monospermum
HQ643700.1	k__unidentified;p__Oomycota;c__Stramenopiles;o__Pythiales;f__Pythiaceae;g__Globisporangium;s__Globisporangium_multisporum
HQ643704.1	k__unidentified;p__Oomycota;c__Stramenopiles;o__Pythiales;f__Pythiaceae;g__Pythium;s__Pythium_myriotylum
HQ643707.1	k__unidentified;p__Oomycota;c__Stramenopiles;o__Pythiales;f__Pythiaceae;g__Globisporangium;s__Globisporangium_nagaii
HQ643709.1	k__unidentified;p__Oomycota;c__Stramenopiles;o__Pythiales;f__Pythiaceae;g__Globisporangium;s__Globisporangium_nodosum
HQ643711.1	k__unidentified;p__Oomycota;c__Stramenopiles;o__Pythiales;f__Pythiaceae;g__Globisporangium;s__Globisporangium_nunn
HQ643712.1	k__unidentified;p__Oomycota;c__Stramenopiles;o__Pythiales;f__Pythiaceae;g__Phytopythium;s__Phytopythium_oedochilum
HQ643714.1	k__unidentified;p__Oomycota;c__Stramenopiles;o__Pythiales;f__Pythiaceae;g__Globisporangium;s__Globisporangium_okanoganense
HQ643716.1	k__unidentified;p__Oomycota;c__Stramenopiles;o__Pythiales;f__Pythiaceae;g__Pythium;s__Pythium_oligandrum
HQ643721.2	k__unidentified;p__Oomycota;c__Stramenopiles;o__Pythiales;f__Pythiaceae;g__Globisporangium;s__Globisporangium_ornacarpum
HQ643722.1	k__unidentified;p__Oomycota;c__Stramenopiles;o__Pythiales;f__Pythiaceae;g__Pythium;s__Pythium_ornamentatum
HQ643723.1	k__unidentified;p__Oomycota;c__Stramenopiles;o__Pythiales;f__Pythiaceae;g__Globisporangium;s__Globisporangium_orthogonon
HQ643727.1	k__unidentified;p__Oomycota;c__Stramenopiles;o__Pythiales;f__Pythiaceae;g__Pythium;s__Pythium_pachycaule
HQ643728.1	k__unidentified;p__Oomycota;c__Stramenopiles;o__Pythiales;f__Pythiaceae;g__Globisporangium;s__Globisporangium_paddicum
HQ643737.1	k__unidentified;p__Oomycota;c__Stramenopiles;o__Pythiales;f__Pythiaceae;g__Globisporangium;s__Globisporangium_paroecandrum
HQ643738.1	k__unidentified;p__Oomycota;c__Stramenopiles;o__Pythiales;f__Pythiaceae;g__Globisporangium;s__Globisporangium_parvum
HQ643739.2	k__unidentified;p__Oomycota;c__Stramenopiles;o__Pythiales;f__Pythiaceae;g__Pythium;s__Pythium_pectinolyticum
HQ643740.1	k__unidentified;p__Oomycota;c__Stramenopiles;o__Pythiales;f__Pythiaceae;g__Pythium;s__Pythium_periilum
HQ643743.1	k__unidentified;p__Oomycota;c__Stramenopiles;o__Pythiales;f__Pythiaceae;g__Pythium;s__Pythium_periplocum
HQ643746.1	k__unidentified;p__Oomycota;c__Stramenopiles;o__Pythiales;f__Pythiaceae;g__Pythium;s__Pythium_phragmitis
HQ643748.1	k__unidentified;p__Oomycota;c__Stramenopiles;o__Pythiales;f__Pythiaceae;g__Globisporangium;s__Globisporangium_pleroticum
HQ643750.1	k__unidentified;p__Oomycota;c__Stramenopiles;o__Pythiales;f__Pythiaceae;g__Pythium;s__Pythium_plurisporium
HQ643752.1	k__unidentified;p__Oomycota;c__Stramenopiles;o__Pythiales;f__Pythiaceae;g__Globisporangium;s__Globisporangium_polymastum
HQ643753.1	k__unidentified;p__Oomycota;c__Stramenopiles;o__Pythiales;f__Pythiaceae;g__Pythium;s__Pythium_porphyrae
HQ643754.1	k__unidentified;p__Oomycota;c__Stramenopiles;o__Pythiales;f__Pythiaceae;g__Elongisporangium;s__Elongisporangium_prolatum
HQ643755.1	k__unidentified;p__Oomycota;c__Stramenopiles;o__Pythiales;f__Pythiaceae;g__Pythium;s__Pythium_pyrilobum
HQ643756.1	k__unidentified;p__Oomycota;c__Stramenopiles;o__Pythiales;f__Pythiaceae;g__Globisporangium;s__Globisporangium_radiosum
HQ643757.2	k__unidentified;p__Oomycota;c__Stramenopiles;o__Pythiales;f__Pythiaceae;g__Pythium;s__Pythium_rhizo-oryzae
HQ643760.1	k__unidentified;p__Oomycota;c__Stramenopiles;o__Pythiales;f__Pythiaceae;g__Globisporangium;s__Globisporangium_rhizosaccharum
HQ643766.1	k__unidentified;p__Oomycota;c__Stramenopiles;o__Pythiales;f__Pythiaceae;g__Globisporangium;s__Globisporangium_rostratifingens
HQ643767.1	k__unidentified;p__Oomycota;c__Stramenopiles;o__Pythiales;f__Pythiaceae;g__Globisporangium;s__Globisporangium_rostratum
HQ643770.1	k__unidentified;p__Oomycota;c__Stramenopiles;o__Pythiales;f__Pythiaceae;g__Pythium;s__Pythium_salpingophorum
HQ643771.1	k__unidentified;p__Oomycota;c__Stramenopiles;o__Pythiales;f__Pythiaceae;g__Pythium;s__Pythium_scleroteichum
HQ643772.2	k__unidentified;p__Oomycota;c__Stramenopiles;o__Pythiales;f__Pythiaceae;g__Globisporangium;s__Globisporangium_segnitium
HQ643773.2	k__unidentified;p__Oomycota;c__Stramenopiles;o__Pythiales;f__Pythiaceae;g__Elongisporangium;s__Elongisporangium_senticosum
HQ643786.1	k__unidentified;p__Oomycota;c__Stramenopiles;o__Pythiales;f__Pythiaceae;g__Globisporangium;s__Globisporangium_aff._iwayamae
HQ643790.1	k__unidentified;p__Oomycota;c__Stramenopiles;o__Pythiales;f__Pythiaceae;g__Globisporangium;s__Globisporangium_spiculum
HQ643794.1	k__unidentified;p__Oomycota;c__Stramenopiles;o__Pythiales;f__Pythiaceae;g__Globisporangium;s__Globisporangium_spinosum
HQ643836.1	k__unidentified;p__Oomycota;c__Stramenopiles;o__Pythiales;f__Pythiaceae;g__Pythium;s__Pythium_sukuiense
HQ643854.2	k__unidentified;p__Oomycota;c__Stramenopiles;o__Pythiales;f__Pythiaceae;g__Globisporangium;s__Globisporangium_takayamanum
HQ643855.1	k__unidentified;p__Oomycota;c__Stramenopiles;o__Pythiales;f__Pythiaceae;g__Pythium;s__Pythium_tardicrescens
HQ643858.1	k__unidentified;p__Oomycota;c__Stramenopiles;o__Pythiales;f__Pythiaceae;g__Globisporangium;s__Globisporangium_terrestre
HQ643945.1	k__unidentified;p__Oomycota;c__Stramenopiles;o__Pythiales;f__Pythiaceae;g__Globisporangium;s__Globisporangium_uncinulatum
HQ643949.1	k__unidentified;p__Oomycota;c__Stramenopiles;o__Pythiales;f__Pythiaceae;g__Elongisporangium;s__Elongisporangium_undulatum
HQ643953.1	k__unidentified;p__Oomycota;c__Stramenopiles;o__Pythiales;f__Pythiaceae;g__Pythium;s__Pythium_vanterpoolii
HQ643955.1	k__unidentified;p__Oomycota;c__Stramenopiles;o__Pythiales;f__Pythiaceae;g__Phytopythium;s__Phytopythium_vexans
HQ643956.2	k__unidentified;p__Oomycota;c__Stramenopiles;o__Pythiales;f__Pythiaceae;g__Globisporangium;s__Globisporangium_viniferum
HQ643969.1	k__unidentified;p__Oomycota;c__Stramenopiles;o__Pythiales;f__Pythiaceae;g__Globisporangium;s__Globisporangium_violae
HQ643971.1	k__unidentified;p__Oomycota;c__Stramenopiles;o__Pythiales;f__Pythiaceae;g__Pythium;s__Pythium_volutum
HQ643973.1	k__unidentified;p__Oomycota;c__Stramenopiles;o__Pythiales;f__Pythiaceae;g__Pythium;s__Pythium_zingiberis
HQ643974.1	k__unidentified;p__Oomycota;c__Stramenopiles;o__Saprolegniales;f__Saprolegniaceae;g__Saprolegnia;s__Saprolegnia_anisospora
HQ643975.1	k__unidentified;p__Oomycota;c__Stramenopiles;o__Saprolegniales;f__Saprolegniaceae;g__Saprolegnia;s__Saprolegnia_asterophora
HQ643977.1	k__unidentified;p__Oomycota;c__Stramenopiles;o__Saprolegniales;f__Saprolegniaceae;g__Saprolegnia;s__Saprolegnia_delica
HQ643980.1	k__unidentified;p__Oomycota;c__Stramenopiles;o__Saprolegniales;f__Saprolegniaceae;g__Saprolegnia;s__Saprolegnia_diclina
HQ643983.1	k__unidentified;p__Oomycota;c__Stramenopiles;o__Saprolegniales;f__Saprolegniaceae;g__Saprolegnia;s__Saprolegnia_eccentrica
HQ643988.1	k__unidentified;p__Oomycota;c__Stramenopiles;o__Saprolegniales;f__Saprolegniaceae;g__Saprolegnia;s__Saprolegnia_ferax
HQ643989.1	k__unidentified;p__Oomycota;c__Stramenopiles;o__Saprolegniales;f__Saprolegniaceae;g__Saprolegnia;s__Saprolegnia_hypogyna
HQ643990.1	k__unidentified;p__Oomycota;c__Stramenopiles;o__Saprolegniales;f__Saprolegniaceae;g__Saprolegnia;s__Saprolegnia_lapponica
HQ643992.1	k__unidentified;p__Oomycota;c__Stramenopiles;o__Saprolegniales;f__Saprolegniaceae;g__Saprolegnia;s__Saprolegnia_litoralis
HQ643993.1	k__unidentified;p__Oomycota;c__Stramenopiles;o__Saprolegniales;f__Saprolegniaceae;g__Saprolegnia;s__Saprolegnia_megasperma
HQ643995.1	k__unidentified;p__Oomycota;c__Stramenopiles;o__Saprolegniales;f__Saprolegniaceae;g__Saprolegnia;s__Saprolegnia_mixta
HQ643997.1	k__unidentified;p__Oomycota;c__Stramenopiles;o__Saprolegniales;f__Saprolegniaceae;g__Saprolegnia;s__Saprolegnia_monilifera
HQ643999.1	k__unidentified;p__Oomycota;c__Stramenopiles;o__Saprolegniales;f__Saprolegniaceae;g__Saprolegnia;s__Saprolegnia_monoica
HQ644005.1	k__unidentified;p__Oomycota;c__Stramenopiles;o__Saprolegniales;f__Saprolegniaceae;g__Saprolegnia;s__Saprolegnia_parasitica
HQ644009.1	k__unidentified;p__Oomycota;c__Stramenopiles;o__Saprolegniales;f__Saprolegniaceae;g__Saprolegnia;s__Saprolegnia_subterranea
HQ644011.1	k__unidentified;p__Oomycota;c__Stramenopiles;o__Saprolegniales;f__Saprolegniaceae;g__Saprolegnia;s__Saprolegnia_terrestris
HQ644014.1	k__unidentified;p__Oomycota;c__Stramenopiles;o__Saprolegniales;f__Saprolegniaceae;g__Saprolegnia;s__Saprolegnia_turfosa
HQ644016.1	k__unidentified;p__Oomycota;c__Stramenopiles;o__Saprolegniales;f__Saprolegniaceae;g__Saprolegnia;s__Saprolegnia_unispora
HQ644018.1	k__unidentified;p__Oomycota;c__Stramenopiles;o__Saprolegniales;f__Achlyaceae;g__Thraustotheca;s__Thraustotheca_clavata
HQ644019.1	k__unidentified;p__Oomycota;c__Stramenopiles;o__Saprolegniales;f__Achlyaceae;g__Thraustotheca;s__Thraustotheca_terrestris
JF836869.1	k__unidentified;p__Oomycota;c__Stramenopiles;o__Pythiales;f__Pythiaceae;g__Globisporangium;s__Globisporangium_schmitthenneri
JN547636.1	k__unidentified;p__Oomycota;c__Stramenopiles;o__Peronosporales;f__Peronosporaceae;g__Phytophthora;s__Phytophthora_kwongonina
JN849470.1	k__unidentified;p__Oomycota;c__Stramenopiles;o__Albuginales;f__Albuginaceae;g__Wilsoniana;s__Wilsoniana_amaranthi
JQ029958.1	k__unidentified;p__Oomycota;c__Stramenopiles;o__Peronosporales;f__Peronosporaceae;g__Phytophthora;s__Phytophthora_amnicola
JQ031179.1	k__unidentified;p__Oomycota;c__Stramenopiles;o__Peronosporales;f__Peronosporaceae;g__Peronospora;s__Peronospora_violacea
JQ031185.1	k__unidentified;p__Oomycota;c__Stramenopiles;o__Peronosporales;f__Peronosporaceae;g__Peronospora;s__Peronospora_radii
JQ031187.1	k__unidentified;p__Oomycota;c__Stramenopiles;o__Peronosporales;f__Peronosporaceae;g__Peronospora;s__Peronospora_jagei
JQ031190.1	k__unidentified;p__Oomycota;c__Stramenopiles;o__Peronosporales;f__Peronosporaceae;g__Peronospora;s__Peronospora_stigmaticola
JQ256377.1	k__unidentified;p__Oomycota;c__Stramenopiles;o__Peronosporales;f__Peronosporaceae;g__Phytophthora;s__Phytophthora_bilorbang
JQ412768.1	k__unidentified;p__Oomycota;c__Stramenopiles;o__Pythiales;f__Pythiaceae;g__Globisporangium;s__Globisporangium_cederbergense
JQ610178.1	k__unidentified;p__Oomycota;c__Stramenopiles;o__Pythiales;f__Pythiogetonaceae;g__Pythiogeton;s__Pythiogeton_zizaniae
JQ610187.1	k__unidentified;p__Oomycota;c__Stramenopiles;o__Pythiales;f__Pythiogetonaceae;g__Pythiogeton;s__Pythiogeton_oblongilobum
JQ610189.1	k__unidentified;p__Oomycota;c__Stramenopiles;o__Pythiales;f__Pythiogetonaceae;g__Pythiogeton;s__Pythiogeton_abundans
JQ610190.1	k__unidentified;p__Oomycota;c__Stramenopiles;o__Pythiales;f__Pythiogetonaceae;g__Pythiogeton;s__Pythiogeton_ramosum
JQ610191.1	k__unidentified;p__Oomycota;c__Stramenopiles;o__Pythiales;f__Pythiogetonaceae;g__Pythiogeton;s__Pythiogeton_uniforme
JQ610198.1	k__unidentified;p__Oomycota;c__Stramenopiles;o__Pythiales;f__Pythiogetonaceae;g__Pythiogeton;s__Pythiogeton_paucisporum
JQ610199.1	k__unidentified;p__Oomycota;c__Stramenopiles;o__Pythiales;f__Pythiogetonaceae;g__Pythiogeton;s__Pythiogeton_proliferatum
JQ976168.1	k__unidentified;p__Oomycota;c__Stramenopiles;o__unidentified;f__unidentified;g__unidentified;s__uncultured_Oomycota
JX970870.1	k__unidentified;p__Oomycota;c__Stramenopiles;o__Pythiales;f__Pythiaceae;g__Lagenidium;s__Lagenidium_albertoi
JX982638.1	k__unidentified;p__Oomycota;c__Stramenopiles;o__Peronosporales;f__Peronosporaceae;g__Peronospora;s__Peronospora_sordida
KC478667.1	k__unidentified;p__Oomycota;c__Stramenopiles;o__Peronosporales;f__Peronosporaceae;g__Phytophthora;s__Phytophthora_parvispora
KC478761.1	k__unidentified;p__Oomycota;c__Stramenopiles;o__Peronosporales;f__Peronosporaceae;g__Phytophthora;s__Phytophthora_dauci
KC478768.1	k__unidentified;p__Oomycota;c__Stramenopiles;o__Peronosporales;f__Peronosporaceae;g__Phytophthora;s__Phytophthora_lactucae
KC478773.1	k__unidentified;p__Oomycota;c__Stramenopiles;o__Peronosporales;f__Peronosporaceae;g__Phytophthora;s__Phytophthora_cichorii
KC495021.1	k__unidentified;p__Oomycota;c__Stramenopiles;o__Peronosporales;f__Peronosporaceae;g__Hyaloperonospora;s__Hyaloperonospora_cardamines-enneaphyllos
KC529657.1	k__unidentified;p__Oomycota;c__Stramenopiles;o__Peronosporales;f__Peronosporaceae;g__Phytophthora;s__Phytophthora_pluvialis
KC875838.1	k__unidentified;p__Oomycota;c__Stramenopiles;o__Peronosporales;f__Peronosporaceae;g__Phytophthora;s__Phytophthora_mekongensis
KC875840.2	k__unidentified;p__Oomycota;c__Stramenopiles;o__Peronosporales;f__Peronosporaceae;g__Phytophthora;s__Phytophthora_prodigiosa
KF366380.1	k__unidentified;p__Oomycota;c__Stramenopiles;o__Peronosporales;f__Peronosporaceae;g__Plasmopara;s__Plasmopara_obducens
KF656775.1	k__unidentified;p__Oomycota;c__Stramenopiles;o__Saprolegniales;f__Saprolegniaceae;g__Geolegnia;s__Geolegnia_helicoides
KF718129.1	k__unidentified;p__Oomycota;c__Stramenopiles;o__Saprolegniales;f__Saprolegniaceae;g__Saprolegnia;s__Saprolegnia_torulosa
KF718143.1	k__unidentified;p__Oomycota;c__Stramenopiles;o__Saprolegniales;f__Saprolegniaceae;g__Saprolegnia;s__Saprolegnia_furcata
KJ372244.1	k__unidentified;p__Oomycota;c__Stramenopiles;o__Peronosporales;f__Peronosporaceae;g__Phytophthora;s__Phytophthora_boodjera
KJ372256.1	k__unidentified;p__Oomycota;c__Stramenopiles;o__Peronosporales;f__Peronosporaceae;g__Phytophthora;s__Phytophthora_moyootj
KJ372258.1	k__unidentified;p__Oomycota;c__Stramenopiles;o__Peronosporales;f__Peronosporaceae;g__Phytophthora;s__Phytophthora_balyanboodja
KJ372262.1	k__unidentified;p__Oomycota;c__Stramenopiles;o__Peronosporales;f__Peronosporaceae;g__Phytophthora;s__Phytophthora_condilina
KJ372267.1	k__unidentified;p__Oomycota;c__Stramenopiles;o__Peronosporales;f__Peronosporaceae;g__Phytophthora;s__Phytophthora_pseudorosacearum
KJ631538.1	k__unidentified;p__Oomycota;c__Stramenopiles;o__Peronosporales;f__Peronosporaceae;g__Phytophthora;s__Phytophthora_caryae
KJ651416.1	k__unidentified;p__Oomycota;c__Stramenopiles;o__Peronosporales;f__Peronosporaceae;g__Peronospora;s__Peronospora_cristata
KJ705086.1	k__unidentified;p__Oomycota;c__Stramenopiles;o__Peronosporales;f__Peronosporaceae;g__Phytophthora;s__Phytophthora_x_stagnum
KJ995579.1	k__unidentified;p__Oomycota;c__Stramenopiles;o__Pythiales;f__Pythiaceae;g__Pythium;s__Pythium_junctum
KM245940.1	k__unidentified;p__Oomycota;c__Stramenopiles;o__Saprolegniales;f__Achlyaceae;g__Brevilegnia;s__Brevilegnia_longicaulis
KP006462.1	k__unidentified;p__Oomycota;c__Stramenopiles;o__Saprolegniales;f__Verrucalvaceae;g__Aphanomyces;s__Aphanomyces_stellatus
KP271924.1	k__unidentified;p__Oomycota;c__Stramenopiles;o__Peronosporales;f__Peronosporaceae;g__Peronospora;s__Peronospora_cf._fagopyri_MK-2015
KP288376.1	k__unidentified;p__Oomycota;c__Stramenopiles;o__Peronosporales;f__Peronosporaceae;g__Phytophthora;s__Phytophthora_pseudocryptogea
KP330778.1	k__unidentified;p__Oomycota;c__Stramenopiles;o__Peronosporales;f__Peronosporaceae;g__Peronospora;s__Peronospora_litoralis
KP330782.1	k__unidentified;p__Oomycota;c__Stramenopiles;o__Peronosporales;f__Peronosporaceae;g__Peronospora;s__Peronospora_minor
KP330785.1	k__unidentified;p__Oomycota;c__Stramenopiles;o__Peronosporales;f__Peronosporaceae;g__Peronospora;s__Peronospora_atriplicis-hastatae
KP330797.1	k__unidentified;p__Oomycota;c__Stramenopiles;o__Peronosporales;f__Peronosporaceae;g__Peronospora;s__Peronospora_schachtii
KP330800.1	k__unidentified;p__Oomycota;c__Stramenopiles;o__Peronosporales;f__Peronosporaceae;g__Peronospora;s__Peronospora_polycarpi
KP330814.1	k__unidentified;p__Oomycota;c__Stramenopiles;o__Peronosporales;f__Peronosporaceae;g__Peronospora;s__Peronospora_rumicis
KP330833.1	k__unidentified;p__Oomycota;c__Stramenopiles;o__Peronosporales;f__Peronosporaceae;g__Peronospora;s__Peronospora_obovata
KP330842.1	k__unidentified;p__Oomycota;c__Stramenopiles;o__Peronosporales;f__Peronosporaceae;g__Peronospora;s__Peronospora_lepigoni
KP330867.1	k__unidentified;p__Oomycota;c__Stramenopiles;o__Peronosporales;f__Peronosporaceae;g__Peronospora;s__Peronospora_boni-henrici
KP723167.1	k__unidentified;p__Oomycota;c__Stramenopiles;o__Pythiales;f__Pythiaceae;g__Globisporangium;s__Globisporangium_kandovanense
KR632862.1	k__unidentified;p__Oomycota;c__Stramenopiles;o__Peronosporales;f__Peronosporaceae;g__Phytophthora;s__Phytophthora_urerae
KR872846.1	k__unidentified;p__Oomycota;c__Stramenopiles;o__Saprolegniales;f__Saprolegniaceae;g__Saprolegnia;s__Saprolegnia_racemosa
KR872872.1	k__unidentified;p__Oomycota;c__Stramenopiles;o__Saprolegniales;f__Saprolegniaceae;g__Saprolegnia;s__Saprolegnia_aenigmatica
KT163268.1	k__unidentified;p__Oomycota;c__Stramenopiles;o__Peronosporales;f__Peronosporaceae;g__Phytophthora;s__Phytophthora_intercalaris
KT213553.1	k__unidentified;p__Oomycota;c__Stramenopiles;o__Saprolegniales;f__Saprolegniaceae;g__Leptolegnia;s__Leptolegnia_eccentrica
KT248974.1	k__unidentified;p__Oomycota;c__Stramenopiles;o__Peronosporales;f__Peronosporaceae;g__Bremia;s__Bremia_centaureae
KT248986.1	k__unidentified;p__Oomycota;c__Stramenopiles;o__Peronosporales;f__Peronosporaceae;g__Bremia;s__Bremia_cirsii
KT249016.1	k__unidentified;p__Oomycota;c__Stramenopiles;o__Peronosporales;f__Peronosporaceae;g__Bremia;s__Bremia_aff._lagoseridis_GLM68027
KT249017.1	k__unidentified;p__Oomycota;c__Stramenopiles;o__Peronosporales;f__Peronosporaceae;g__Bremia;s__Bremia_tulasnei
KT249036.1	k__unidentified;p__Oomycota;c__Stramenopiles;o__Peronosporales;f__Peronosporaceae;g__Bremia;s__Bremia_lapsanae
KT249049.1	k__unidentified;p__Oomycota;c__Stramenopiles;o__Peronosporales;f__Peronosporaceae;g__Bremia;s__Bremia_picridis
KT249081.1	k__unidentified;p__Oomycota;c__Stramenopiles;o__Peronosporales;f__Peronosporaceae;g__Bremia;s__Bremia_sonchicola
KT249100.1	k__unidentified;p__Oomycota;c__Stramenopiles;o__Peronosporales;f__Peronosporaceae;g__Bremia;s__Bremia_taraxaci
KT249106.1	k__unidentified;p__Oomycota;c__Stramenopiles;o__Peronosporales;f__Peronosporaceae;g__Bremia;s__Bremia_elliptica
KT249109.1	k__unidentified;p__Oomycota;c__Stramenopiles;o__Peronosporales;f__Peronosporaceae;g__Bremia;s__Bremia_microspora
KT249117.1	k__unidentified;p__Oomycota;c__Stramenopiles;o__Peronosporales;f__Peronosporaceae;g__Bremia;s__Bremia_ovata
KT249123.1	k__unidentified;p__Oomycota;c__Stramenopiles;o__Peronosporales;f__Peronosporaceae;g__Bremia;s__Bremia_saussureae
KT795480.1	k__unidentified;p__Oomycota;c__Stramenopiles;o__Peronosporales;f__Peronosporaceae;g__Peronospora;s__Peronospora_agrimoniae
KT455397.1	k__unidentified;p__Oomycota;c__Stramenopiles;o__Peronosporales;f__Peronosporaceae;g__Halophytophthora;s__Halophytophthora_vesicula
KT795473.1	k__unidentified;p__Oomycota;c__Stramenopiles;o__Peronosporales;f__Peronosporaceae;g__Peronospora;s__Peronospora_potentillae-sterilis
KT795474.1	k__unidentified;p__Oomycota;c__Stramenopiles;o__Peronosporales;f__Peronosporaceae;g__Peronospora;s__Peronospora_alchemillae
KT795475.1	k__unidentified;p__Oomycota;c__Stramenopiles;o__Peronosporales;f__Peronosporaceae;g__Peronospora;s__Peronospora_potentillae-anserinae
KT795476.1	k__unidentified;p__Oomycota;c__Stramenopiles;o__Peronosporales;f__Peronosporaceae;g__Peronospora;s__Peronospora_potentillae-reptantis
KT795477.1	k__unidentified;p__Oomycota;c__Stramenopiles;o__Peronosporales;f__Peronosporaceae;g__Peronospora;s__Peronospora_sanguisorbae
KT795478.1	k__unidentified;p__Oomycota;c__Stramenopiles;o__Peronosporales;f__Peronosporaceae;g__Peronospora;s__Peronospora_oblatispora
KT886031.1	k__unidentified;p__Oomycota;c__Stramenopiles;o__Peronosporales;f__Peronosporaceae;g__Phytophthora;s__Phytophthora_rhizophorae
KT886034.1	k__unidentified;p__Oomycota;c__Stramenopiles;o__Peronosporales;f__Peronosporaceae;g__Phytophthora;s__Phytophthora_estuarina
KT894052.1	k__unidentified;p__Oomycota;c__Stramenopiles;o__Pythiales;f__Pythiaceae;g__Globisporangium;s__Globisporangium_pyrioosporum
KT894054.1	k__unidentified;p__Oomycota;c__Stramenopiles;o__Pythiales;f__Pythiaceae;g__Globisporangium;s__Globisporangium_ershadii
KU232274.1	k__unidentified;p__Oomycota;c__Stramenopiles;o__Peronosporales;f__Peronosporaceae;g__Plasmopara;s__Plasmopara_halstedii
KU517151.1	k__unidentified;p__Oomycota;c__Stramenopiles;o__Peronosporales;f__Peronosporaceae;g__Phytophthora;s__Phytophthora_x_heterohybrida
KU517152.1	k__unidentified;p__Oomycota;c__Stramenopiles;o__Peronosporales;f__Peronosporaceae;g__Phytophthora;s__Phytophthora_flexuosa
KU517153.1	k__unidentified;p__Oomycota;c__Stramenopiles;o__Peronosporales;f__Peronosporaceae;g__Phytophthora;s__Phytophthora_formosa
KU517154.1	k__unidentified;p__Oomycota;c__Stramenopiles;o__Peronosporales;f__Peronosporaceae;g__Phytophthora;s__Phytophthora_attenuata
KU517155.1	k__unidentified;p__Oomycota;c__Stramenopiles;o__Peronosporales;f__Peronosporaceae;g__Phytophthora;s__Phytophthora_intricata
KU517156.1	k__unidentified;p__Oomycota;c__Stramenopiles;o__Peronosporales;f__Peronosporaceae;g__Phytophthora;s__Phytophthora_x_incrassata
KU529686.1	k__unidentified;p__Oomycota;c__Stramenopiles;o__Saprolegniales;f__Verrucalvaceae;g__Aphanomyces;s__Aphanomyces_invadans
KU885439.1	k__unidentified;p__Oomycota;c__Stramenopiles;o__Albuginales;f__Albuginaceae;g__Albugo;s__Albugo_occidentalis
KU896917.1	k__unidentified;p__Oomycota;c__Stramenopiles;o__Saprolegniales;f__Saprolegniaceae;g__Leptolegnia;s__Leptolegnia_chapmanii
KU899179.1	k__unidentified;p__Oomycota;c__Stramenopiles;o__Peronosporales;f__Peronosporaceae;g__Phytophthora;s__Phytophthora_x_cambivora
KU899188.1	k__unidentified;p__Oomycota;c__Stramenopiles;o__Peronosporales;f__Peronosporaceae;g__Phytophthora;s__Phytophthora_tyrrhenica
KX011263.1	k__unidentified;p__Oomycota;c__Stramenopiles;o__Peronosporales;f__Peronosporaceae;g__Phytophthora;s__Phytophthora_acaciivora
KX011279.1	k__unidentified;p__Oomycota;c__Stramenopiles;o__Peronosporales;f__Peronosporaceae;g__Phytophthora;s__Phytophthora_versiformis
KX118439.1	k__unidentified;p__Oomycota;c__Stramenopiles;o__Peronosporales;f__Peronosporaceae;g__Peronospora;s__Peronospora_mesembryanthemi
KX172092.1	k__unidentified;p__Oomycota;c__Stramenopiles;o__Peronosporales;f__Peronosporaceae;g__Phytophthora;s__Phytophthora_chesapeakensis
KX247599.1	k__unidentified;p__Oomycota;c__Stramenopiles;o__Peronosporales;f__Peronosporaceae;g__Phytophthora;s__Phytophthora_alticola
KX346230.1	k__unidentified;p__Oomycota;c__Stramenopiles;o__Albuginales;f__Albuginaceae;g__Albugo;s__Albugo_trianthemae
KX423748.1	k__unidentified;p__Oomycota;c__Stramenopiles;o__Pythiales;f__Pythiaceae;g__Pythium;s__Pythium_cedri
KX492590.1	k__unidentified;p__Oomycota;c__Stramenopiles;o__Pythiales;f__Pythiaceae;g__Lagenidium;s__Lagenidium_juracyae
KX528018.1	k__unidentified;p__Oomycota;c__Stramenopiles;o__Saprolegniales;f__Saprolegniaceae;g__Saprolegnia;s__Saprolegnia_milanezii
KX815405.1	k__unidentified;p__Oomycota;c__Stramenopiles;o__unidentified;f__unidentified;g__Paralagenidium;s__Paralagenidium_sp._MTLA-26
KY212028.1	k__unidentified;p__Oomycota;c__Stramenopiles;o__Peronosporales;f__Peronosporaceae;g__Phytophthora;s__Phytophthora_insulinativitatica
KY320200.1	k__unidentified;p__Oomycota;c__Stramenopiles;o__Peronosporales;f__Peronosporaceae;g__Halophytophthora;s__Halophytophthora_sp._GHJ-2017a
KY320204.1	k__unidentified;p__Oomycota;c__Stramenopiles;o__Peronosporales;f__Peronosporaceae;g__Halophytophthora;s__Halophytophthora_insularis
KY412459.1	k__unidentified;p__Oomycota;c__Stramenopiles;o__Albuginales;f__Albuginaceae;g__Pustula;s__Pustula_xinyuanensis
KY707115.1	k__unidentified;p__Oomycota;c__Stramenopiles;o__Peronosporales;f__Peronosporaceae;g__Phytophthora;s__Phytophthora_pseudopolonica
KY788382.1	k__unidentified;p__Oomycota;c__Stramenopiles;o__Peronosporales;f__Peronosporaceae;g__Nothophytophthora;s__Nothophytophthora_amphigynosa
KY788401.1	k__unidentified;p__Oomycota;c__Stramenopiles;o__Peronosporales;f__Peronosporaceae;g__Nothophytophthora;s__Nothophytophthora_caduca
KY982930.1	k__unidentified;p__Oomycota;c__Stramenopiles;o__Peronosporales;f__Peronosporaceae;g__Phytophthora;s__Phytophthora_oleae
KY986679.1	k__unidentified;p__Oomycota;c__Stramenopiles;o__Peronosporales;f__Peronosporaceae;g__Peronospora;s__Peronospora_erucastri
KY990050.1	k__unidentified;p__Oomycota;c__Stramenopiles;o__Pythiales;f__Pythiaceae;g__Globisporangium;s__Globisporangium_yorkense
LC028389.1	k__unidentified;p__Oomycota;c__Stramenopiles;o__Pythiales;f__Pythiaceae;g__Globisporangium;s__Globisporangium_barbulae
LC169733.1	k__unidentified;p__Oomycota;c__Stramenopiles;o__Pythiales;f__Pythiaceae;g__Globisporangium;s__Globisporangium_oryzicola
LC209786.1	k__unidentified;p__Oomycota;c__Stramenopiles;o__Pythiales;f__Pythiaceae;g__Globisporangium;s__Globisporangium_lacustre
LC595781.1	k__unidentified;p__Oomycota;c__Stramenopiles;o__Peronosporales;f__Peronosporaceae;g__Phytophthora;s__Phytophthora_asparagi
MF036182.1	k__unidentified;p__Oomycota;c__Stramenopiles;o__Peronosporales;f__Peronosporaceae;g__Phytophthora;s__Phytophthora_castanetorum
MF036196.1	k__unidentified;p__Oomycota;c__Stramenopiles;o__Peronosporales;f__Peronosporaceae;g__Phytophthora;s__Phytophthora_tubulina
MF036209.1	k__unidentified;p__Oomycota;c__Stramenopiles;o__Peronosporales;f__Peronosporaceae;g__Phytophthora;s__Phytophthora_vulcanica
MF095135.1	k__unidentified;p__Oomycota;c__Stramenopiles;o__Peronosporales;f__Peronosporaceae;g__unidentified;s__uncultured_Peronospora
MF095174.1	k__unidentified;p__Oomycota;c__Stramenopiles;o__Albuginales;f__Albuginaceae;g__unidentified;s__uncultured_Wilsoniana
MF784704.1	k__unidentified;p__Oomycota;c__Stramenopiles;o__Peronosporales;f__Peronosporaceae;g__Hyaloperonospora;s__Hyaloperonospora_arabidis-glabrae
MF784739.1	k__unidentified;p__Oomycota;c__Stramenopiles;o__Peronosporales;f__Peronosporaceae;g__Peronospora;s__Peronospora_stellariae-uliginosae
MF784742.1	k__unidentified;p__Oomycota;c__Stramenopiles;o__Peronosporales;f__Peronosporaceae;g__Peronospora;s__Peronospora_stellariae-aquaticae
MF784744.1	k__unidentified;p__Oomycota;c__Stramenopiles;o__Peronosporales;f__Peronosporaceae;g__Peronospora;s__Peronospora_alsinearum
MF784749.1	k__unidentified;p__Oomycota;c__Stramenopiles;o__Peronosporales;f__Peronosporaceae;g__Peronospora;s__Peronospora_pseudostellariae
MF979510.1	k__unidentified;p__Oomycota;c__Stramenopiles;o__Peronosporales;f__Salisapiliaceae;g__Salisapilia;s__Salisapilia_coffeyi
MF979511.1	k__unidentified;p__Oomycota;c__Stramenopiles;o__Peronosporales;f__Salisapiliaceae;g__Salisapilia;s__Salisapilia_bahamensis
MF979516.1	k__unidentified;p__Oomycota;c__Stramenopiles;o__Peronosporales;f__Salisapiliaceae;g__Salisapilia;s__Salisapilia_mycoparasitica
MG010815.1	k__unidentified;p__Oomycota;c__Stramenopiles;o__Albuginales;f__Albuginaceae;g__Albugo;s__Albugo_lepidii
MG182707.1	k__unidentified;p__Oomycota;c__Stramenopiles;o__Pythiales;f__Pythiaceae;g__Pythium;s__Pythium_serotinoosporum
MG182709.1	k__unidentified;p__Oomycota;c__Stramenopiles;o__Pythiales;f__Pythiaceae;g__Globisporangium;s__Globisporangium_iranense
MG518642.1	k__unidentified;p__Oomycota;c__Stramenopiles;o__Peronosporales;f__Peronosporaceae;g__Phytophthora;s__Phytophthora_acerina
MG542976.1	k__unidentified;p__Oomycota;c__Stramenopiles;o__Peronosporales;f__Peronosporaceae;g__Phytophthora;s__Phytophthora_oreophila
MG542997.1	k__unidentified;p__Oomycota;c__Stramenopiles;o__Peronosporales;f__Peronosporaceae;g__Phytophthora;s__Phytophthora_cacuminis
MG602692.1	k__unidentified;p__Oomycota;c__Stramenopiles;o__Peronosporales;f__Peronosporaceae;g__Phytophthora;s__Phytophthora_agathidicida
MG654703.1	k__unidentified;p__Oomycota;c__Stramenopiles;o__Pythiales;f__Pythiaceae;g__Pythium;s__Pythium_sp.
MG711454.1	k__unidentified;p__Oomycota;c__Stramenopiles;o__Peronosporales;f__Peronosporaceae;g__Peronospora;s__Peronospora_chlorae
MG783372.1	k__unidentified;p__Oomycota;c__Stramenopiles;o__Peronosporales;f__Peronosporaceae;g__Phytophthora;s__Phytophthora_x_multiformis
MG783373.1	k__unidentified;p__Oomycota;c__Stramenopiles;o__Peronosporales;f__Peronosporaceae;g__Phytophthora;s__Phytophthora_amaranthi
MG783376.1	k__unidentified;p__Oomycota;c__Stramenopiles;o__Peronosporales;f__Peronosporaceae;g__Phytophthora;s__Phytophthora_aquimorbida
MG783378.1	k__unidentified;p__Oomycota;c__Stramenopiles;o__Peronosporales;f__Peronosporaceae;g__Phytophthora;s__Phytophthora_asiatica
MG783380.1	k__unidentified;p__Oomycota;c__Stramenopiles;o__Peronosporales;f__Peronosporaceae;g__Phytophthora;s__Phytophthora_austrocedri
MG783381.1	k__unidentified;p__Oomycota;c__Stramenopiles;o__Peronosporales;f__Peronosporaceae;g__Phytophthora;s__Phytophthora_bishii
MG783382.1	k__unidentified;p__Oomycota;c__Stramenopiles;o__Peronosporales;f__Peronosporaceae;g__Phytophthora;s__Phytophthora_boehmeriae
MG783384.1	k__unidentified;p__Oomycota;c__Stramenopiles;o__Peronosporales;f__Peronosporaceae;g__Phytophthora;s__Phytophthora_brassicae
MG783385.1	k__unidentified;p__Oomycota;c__Stramenopiles;o__Peronosporales;f__Peronosporaceae;g__Phytophthora;s__Phytophthora_cactorum
MG783386.1	k__unidentified;p__Oomycota;c__Stramenopiles;o__Peronosporales;f__Peronosporaceae;g__Phytophthora;s__Phytophthora_cajani
MG793197.1	k__unidentified;p__Oomycota;c__Stramenopiles;o__Peronosporales;f__Peronosporaceae;g__Peronospora;s__Peronospora_effusa
MG865466.1	k__unidentified;p__Oomycota;c__Stramenopiles;o__Peronosporales;f__Peronosporaceae;g__Phytophthora;s__Phytophthora_capensis
MG865467.1	k__unidentified;p__Oomycota;c__Stramenopiles;o__Peronosporales;f__Peronosporaceae;g__Phytophthora;s__Phytophthora_capsici
MG865469.1	k__unidentified;p__Oomycota;c__Stramenopiles;o__Peronosporales;f__Peronosporaceae;g__Phytophthora;s__Phytophthora_captiosa
MG865470.1	k__unidentified;p__Oomycota;c__Stramenopiles;o__Peronosporales;f__Peronosporaceae;g__Phytophthora;s__Phytophthora_castaneae
MG865471.1	k__unidentified;p__Oomycota;c__Stramenopiles;o__Peronosporales;f__Peronosporaceae;g__Phytophthora;s__Phytophthora_chlamydospora
MG865472.1	k__unidentified;p__Oomycota;c__Stramenopiles;o__Peronosporales;f__Peronosporaceae;g__Phytophthora;s__Phytophthora_chrysanthemi
MG865473.1	k__unidentified;p__Oomycota;c__Stramenopiles;o__Peronosporales;f__Peronosporaceae;g__Phytophthora;s__Phytophthora_cinnamomi
MG865475.1	k__unidentified;p__Oomycota;c__Stramenopiles;o__Peronosporales;f__Peronosporaceae;g__Phytophthora;s__Phytophthora_citricola
MG865476.1	k__unidentified;p__Oomycota;c__Stramenopiles;o__Peronosporales;f__Peronosporaceae;g__Phytophthora;s__Phytophthora_citrophthora
MG865477.1	k__unidentified;p__Oomycota;c__Stramenopiles;o__Peronosporales;f__Peronosporaceae;g__Phytophthora;s__Phytophthora_clandestina
MG865478.1	k__unidentified;p__Oomycota;c__Stramenopiles;o__Peronosporales;f__Peronosporaceae;g__Phytophthora;s__Phytophthora_cocois
MG865479.1	k__unidentified;p__Oomycota;c__Stramenopiles;o__Peronosporales;f__Peronosporaceae;g__Phytophthora;s__Phytophthora_colocasiae
MG865480.1	k__unidentified;p__Oomycota;c__Stramenopiles;o__Peronosporales;f__Peronosporaceae;g__Phytophthora;s__Phytophthora_constricta
MG865481.1	k__unidentified;p__Oomycota;c__Stramenopiles;o__Peronosporales;f__Peronosporaceae;g__Phytophthora;s__Phytophthora_crassamura
MG865483.1	k__unidentified;p__Oomycota;c__Stramenopiles;o__Peronosporales;f__Peronosporaceae;g__Phytophthora;s__Phytophthora_cryptogea
MG865484.1	k__unidentified;p__Oomycota;c__Stramenopiles;o__Peronosporales;f__Peronosporaceae;g__Phytophthora;s__Phytophthora_drechsleri
MG865485.1	k__unidentified;p__Oomycota;c__Stramenopiles;o__Peronosporales;f__Peronosporaceae;g__Phytophthora;s__Phytophthora_elongata
MG865486.1	k__unidentified;p__Oomycota;c__Stramenopiles;o__Peronosporales;f__Peronosporaceae;g__Phytophthora;s__Phytophthora_erythroseptica
MG865488.1	k__unidentified;p__Oomycota;c__Stramenopiles;o__Peronosporales;f__Peronosporaceae;g__Phytophthora;s__Phytophthora_europaea
MG865489.1	k__unidentified;p__Oomycota;c__Stramenopiles;o__Peronosporales;f__Peronosporaceae;g__Phytophthora;s__Phytophthora_fallax
MG865491.1	k__unidentified;p__Oomycota;c__Stramenopiles;o__Peronosporales;f__Peronosporaceae;g__Phytophthora;s__Phytophthora_fluvialis
MG865492.1	k__unidentified;p__Oomycota;c__Stramenopiles;o__Peronosporales;f__Peronosporaceae;g__Phytophthora;s__Phytophthora_foliorum
MG865495.1	k__unidentified;p__Oomycota;c__Stramenopiles;o__Peronosporales;f__Peronosporaceae;g__Phytophthora;s__Phytophthora_fragariaefolia
MG865496.1	k__unidentified;p__Oomycota;c__Stramenopiles;o__Peronosporales;f__Peronosporaceae;g__Phytophthora;s__Phytophthora_frigida
MG865497.1	k__unidentified;p__Oomycota;c__Stramenopiles;o__Peronosporales;f__Peronosporaceae;g__Phytophthora;s__Phytophthora_gallica
MG865499.1	k__unidentified;p__Oomycota;c__Stramenopiles;o__Peronosporales;f__Peronosporaceae;g__Phytophthora;s__Phytophthora_gibbosa
MG865500.1	k__unidentified;p__Oomycota;c__Stramenopiles;o__Peronosporales;f__Peronosporaceae;g__Phytophthora;s__Phytophthora_gloveri
MG865503.1	k__unidentified;p__Oomycota;c__Stramenopiles;o__Peronosporales;f__Peronosporaceae;g__Phytophthora;s__Phytophthora_gregata
MG865504.1	k__unidentified;p__Oomycota;c__Stramenopiles;o__Peronosporales;f__Peronosporaceae;g__Phytophthora;s__Phytophthora_hedraiandra
MG865505.1	k__unidentified;p__Oomycota;c__Stramenopiles;o__Peronosporales;f__Peronosporaceae;g__Phytophthora;s__Phytophthora_heveae
MG865506.1	k__unidentified;p__Oomycota;c__Stramenopiles;o__Peronosporales;f__Peronosporaceae;g__Phytophthora;s__Phytophthora_hibernalis
MG865507.1	k__unidentified;p__Oomycota;c__Stramenopiles;o__Peronosporales;f__Peronosporaceae;g__Phytophthora;s__Phytophthora_himalsilva
MG865508.1	k__unidentified;p__Oomycota;c__Stramenopiles;o__Peronosporales;f__Peronosporaceae;g__Phytophthora;s__Phytophthora_hydrogena
MG865509.1	k__unidentified;p__Oomycota;c__Stramenopiles;o__Peronosporales;f__Peronosporaceae;g__Phytophthora;s__Phytophthora_idaei
MG865511.1	k__unidentified;p__Oomycota;c__Stramenopiles;o__Peronosporales;f__Peronosporaceae;g__Phytophthora;s__Phytophthora_ilicis
MG865515.1	k__unidentified;p__Oomycota;c__Stramenopiles;o__Peronosporales;f__Peronosporaceae;g__Phytophthora;s__Phytophthora_insolita
MG865516.1	k__unidentified;p__Oomycota;c__Stramenopiles;o__Peronosporales;f__Peronosporaceae;g__Phytophthora;s__Phytophthora_inundata
MG865518.1	k__unidentified;p__Oomycota;c__Stramenopiles;o__Peronosporales;f__Peronosporaceae;g__Phytophthora;s__Phytophthora_ipomoeae
MG865519.1	k__unidentified;p__Oomycota;c__Stramenopiles;o__Peronosporales;f__Peronosporaceae;g__Phytophthora;s__Phytophthora_iranica
MG865520.1	k__unidentified;p__Oomycota;c__Stramenopiles;o__Peronosporales;f__Peronosporaceae;g__Phytophthora;s__Phytophthora_irrigata
MG865521.1	k__unidentified;p__Oomycota;c__Stramenopiles;o__Peronosporales;f__Peronosporaceae;g__Phytophthora;s__Phytophthora_kernoviae
MG865522.1	k__unidentified;p__Oomycota;c__Stramenopiles;o__Peronosporales;f__Peronosporaceae;g__Phytophthora;s__Phytophthora_lateralis
MG865523.1	k__unidentified;p__Oomycota;c__Stramenopiles;o__Peronosporales;f__Peronosporaceae;g__Phytophthora;s__Phytophthora_lilii
MG865525.1	k__unidentified;p__Oomycota;c__Stramenopiles;o__Peronosporales;f__Peronosporaceae;g__Phytophthora;s__Phytophthora_litchii
MG865526.1	k__unidentified;p__Oomycota;c__Stramenopiles;o__Peronosporales;f__Peronosporaceae;g__Phytophthora;s__Phytophthora_litoralis
MG865527.1	k__unidentified;p__Oomycota;c__Stramenopiles;o__Peronosporales;f__Peronosporaceae;g__Phytophthora;s__Phytophthora_macilentosa
MG865528.1	k__unidentified;p__Oomycota;c__Stramenopiles;o__Peronosporales;f__Peronosporaceae;g__Phytophthora;s__Phytophthora_macrochlamydospora
MG865529.1	k__unidentified;p__Oomycota;c__Stramenopiles;o__Peronosporales;f__Peronosporaceae;g__Phytophthora;s__Phytophthora_meadii
MG865532.1	k__unidentified;p__Oomycota;c__Stramenopiles;o__Peronosporales;f__Peronosporaceae;g__Phytophthora;s__Phytophthora_medicaginis
MG865534.1	k__unidentified;p__Oomycota;c__Stramenopiles;o__Peronosporales;f__Peronosporaceae;g__Phytophthora;s__Phytophthora_megakarya
MG865535.1	k__unidentified;p__Oomycota;c__Stramenopiles;o__Peronosporales;f__Peronosporaceae;g__Phytophthora;s__Phytophthora_megasperma
MG865536.1	k__unidentified;p__Oomycota;c__Stramenopiles;o__Peronosporales;f__Peronosporaceae;g__Phytophthora;s__Phytophthora_melonis
MG865539.1	k__unidentified;p__Oomycota;c__Stramenopiles;o__Peronosporales;f__Peronosporaceae;g__Phytophthora;s__Phytophthora_mengei
MG865541.1	k__unidentified;p__Oomycota;c__Stramenopiles;o__Peronosporales;f__Peronosporaceae;g__Phytophthora;s__Phytophthora_mirabilis
MG865542.1	k__unidentified;p__Oomycota;c__Stramenopiles;o__Peronosporales;f__Peronosporaceae;g__Phytophthora;s__Phytophthora_mississippiae
MG865543.1	k__unidentified;p__Oomycota;c__Stramenopiles;o__Peronosporales;f__Peronosporaceae;g__Phytophthora;s__Phytophthora_morindae
MG865544.1	k__unidentified;p__Oomycota;c__Stramenopiles;o__Peronosporales;f__Peronosporaceae;g__Phytophthora;s__Phytophthora_multivesiculata
MG865546.1	k__unidentified;p__Oomycota;c__Stramenopiles;o__Peronosporales;f__Peronosporaceae;g__Phytophthora;s__Phytophthora_multivora
MG865547.1	k__unidentified;p__Oomycota;c__Stramenopiles;o__Peronosporales;f__Peronosporaceae;g__Phytophthora;s__Phytophthora_nagaii
MG865548.1	k__unidentified;p__Oomycota;c__Stramenopiles;o__Peronosporales;f__Peronosporaceae;g__Phytophthora;s__Phytophthora_nemorosa
MG865552.1	k__unidentified;p__Oomycota;c__Stramenopiles;o__Peronosporales;f__Peronosporaceae;g__Phytophthora;s__Phytophthora_niederhauseri
MG865554.1	k__unidentified;p__Oomycota;c__Stramenopiles;o__Peronosporales;f__Peronosporaceae;g__Phytophthora;s__Phytophthora_obscura
MG865555.1	k__unidentified;p__Oomycota;c__Stramenopiles;o__Peronosporales;f__Peronosporaceae;g__Phytophthora;s__Phytophthora_occultans
MG865556.1	k__unidentified;p__Oomycota;c__Stramenopiles;o__Peronosporales;f__Peronosporaceae;g__Phytophthora;s__Phytophthora_ornamentata
MG865558.1	k__unidentified;p__Oomycota;c__Stramenopiles;o__Peronosporales;f__Peronosporaceae;g__Phytophthora;s__Phytophthora_pachypleura
MG865559.1	k__unidentified;p__Oomycota;c__Stramenopiles;o__Peronosporales;f__Peronosporaceae;g__Phytophthora;s__Phytophthora_palmivora
MG865562.1	k__unidentified;p__Oomycota;c__Stramenopiles;o__Peronosporales;f__Peronosporaceae;g__Phytophthora;s__Phytophthora_parsiana
MG865564.1	k__unidentified;p__Oomycota;c__Stramenopiles;o__Peronosporales;f__Peronosporaceae;g__Phytophthora;s__Phytophthora_phaseoli
MG865565.1	k__unidentified;p__Oomycota;c__Stramenopiles;o__Peronosporales;f__Peronosporaceae;g__Phytophthora;s__Phytophthora_pini
MG865566.1	k__unidentified;p__Oomycota;c__Stramenopiles;o__Peronosporales;f__Peronosporaceae;g__Phytophthora;s__Phytophthora_pinifolia
MG865567.1	k__unidentified;p__Oomycota;c__Stramenopiles;o__Peronosporales;f__Peronosporaceae;g__Phytophthora;s__Phytophthora_pisi
MG865568.1	k__unidentified;p__Oomycota;c__Stramenopiles;o__Peronosporales;f__Peronosporaceae;g__Phytophthora;s__Phytophthora_plurivora
MG865569.1	k__unidentified;p__Oomycota;c__Stramenopiles;o__Peronosporales;f__Peronosporaceae;g__Phytophthora;s__Phytophthora_porri
MG865571.1	k__unidentified;p__Oomycota;c__Stramenopiles;o__Peronosporales;f__Peronosporaceae;g__Phytophthora;s__Phytophthora_primulae
MG865573.1	k__unidentified;p__Oomycota;c__Stramenopiles;o__Peronosporales;f__Peronosporaceae;g__Phytophthora;s__Phytophthora_pseudolactucae
MG865574.1	k__unidentified;p__Oomycota;c__Stramenopiles;o__Peronosporales;f__Peronosporaceae;g__Phytophthora;s__Phytophthora_pseudosyringae
MG865575.1	k__unidentified;p__Oomycota;c__Stramenopiles;o__Peronosporales;f__Peronosporaceae;g__Phytophthora;s__Phytophthora_pseudotsugae
MG865576.1	k__unidentified;p__Oomycota;c__Stramenopiles;o__Peronosporales;f__Peronosporaceae;g__Phytophthora;s__Phytophthora_psychrophila
MG865577.1	k__unidentified;p__Oomycota;c__Stramenopiles;o__Peronosporales;f__Peronosporaceae;g__Phytophthora;s__Phytophthora_quercetorum
MG865578.1	k__unidentified;p__Oomycota;c__Stramenopiles;o__Peronosporales;f__Peronosporaceae;g__Phytophthora;s__Phytophthora_quercina
MG865580.1	k__unidentified;p__Oomycota;c__Stramenopiles;o__Peronosporales;f__Peronosporaceae;g__Phytophthora;s__Phytophthora_quininea
MG865581.1	k__unidentified;p__Oomycota;c__Stramenopiles;o__Peronosporales;f__Peronosporaceae;g__Phytophthora;s__Phytophthora_ramorum
MG865583.1	k__unidentified;p__Oomycota;c__Stramenopiles;o__Peronosporales;f__Peronosporaceae;g__Phytophthora;s__Phytophthora_riparia
MG865584.1	k__unidentified;p__Oomycota;c__Stramenopiles;o__Peronosporales;f__Peronosporaceae;g__Phytophthora;s__Phytophthora_rubi
MG865585.1	k__unidentified;p__Oomycota;c__Stramenopiles;o__Peronosporales;f__Peronosporaceae;g__Phytophthora;s__Phytophthora_sansomeana
MG865586.1	k__unidentified;p__Oomycota;c__Stramenopiles;o__Peronosporales;f__Peronosporaceae;g__Phytophthora;s__Phytophthora_siskiyouensis
MG865588.1	k__unidentified;p__Oomycota;c__Stramenopiles;o__Peronosporales;f__Peronosporaceae;g__Phytophthora;s__Phytophthora_sojae
MG865589.1	k__unidentified;p__Oomycota;c__Stramenopiles;o__Peronosporales;f__Peronosporaceae;g__Phytophthora;s__Phytophthora_stricta
MG865590.1	k__unidentified;p__Oomycota;c__Stramenopiles;o__Peronosporales;f__Peronosporaceae;g__Phytophthora;s__Phytophthora_syringae
MG865591.1	k__unidentified;p__Oomycota;c__Stramenopiles;o__Peronosporales;f__Peronosporaceae;g__Phytophthora;s__Phytophthora_tentaculata
MG865592.1	k__unidentified;p__Oomycota;c__Stramenopiles;o__Peronosporales;f__Peronosporaceae;g__Phytophthora;s__Phytophthora_terminalis
MG865593.1	k__unidentified;p__Oomycota;c__Stramenopiles;o__Peronosporales;f__Peronosporaceae;g__Phytophthora;s__Phytophthora_thermophila
MG865594.1	k__unidentified;p__Oomycota;c__Stramenopiles;o__Peronosporales;f__Peronosporaceae;g__Phytophthora;s__Phytophthora_trifolii
MG865596.1	k__unidentified;p__Oomycota;c__Stramenopiles;o__Peronosporales;f__Peronosporaceae;g__Phytophthora;s__Phytophthora_tropicalis
MG865597.1	k__unidentified;p__Oomycota;c__Stramenopiles;o__Peronosporales;f__Peronosporaceae;g__Phytophthora;s__Phytophthora_uliginosa
MG865598.1	k__unidentified;p__Oomycota;c__Stramenopiles;o__Peronosporales;f__Peronosporaceae;g__Phytophthora;s__Phytophthora_vignae
MG865599.1	k__unidentified;p__Oomycota;c__Stramenopiles;o__Peronosporales;f__Peronosporaceae;g__Phytophthora;s__Phytophthora_x_serendipita
MH023332.1	k__unidentified;p__Oomycota;c__Stramenopiles;o__Pythiales;f__Pythiaceae;g__Pythium;s__Pythium_oopapillum
MH023343.1	k__unidentified;p__Oomycota;c__Stramenopiles;o__Pythiales;f__Pythiaceae;g__Pythium;s__Pythium_coloratum
MH023352.1	k__unidentified;p__Oomycota;c__Stramenopiles;o__Pythiales;f__Pythiaceae;g__Pythium;s__Pythium_torulosum
MH023364.1	k__unidentified;p__Oomycota;c__Stramenopiles;o__Pythiales;f__Pythiaceae;g__Pythium;s__Pythium_sulcatum
MH023371.1	k__unidentified;p__Oomycota;c__Stramenopiles;o__Pythiales;f__Pythiaceae;g__Globisporangium;s__Globisporangium_sylvaticum
MH023380.1	k__unidentified;p__Oomycota;c__Stramenopiles;o__Pythiales;f__Pythiaceae;g__Pythium;s__Pythium_inflatum
MH023383.1	k__unidentified;p__Oomycota;c__Stramenopiles;o__Pythiales;f__Pythiaceae;g__Globisporangium;s__Globisporangium_perplexum
MH023387.1	k__unidentified;p__Oomycota;c__Stramenopiles;o__Pythiales;f__Pythiaceae;g__Globisporangium;s__Globisporangium_splendens
MH023388.1	k__unidentified;p__Oomycota;c__Stramenopiles;o__Pythiales;f__Pythiaceae;g__Pythium;s__Pythium_dissotocum
MH023389.1	k__unidentified;p__Oomycota;c__Stramenopiles;o__Pythiales;f__Pythiaceae;g__Globisporangium;s__Globisporangium_ultimum
MH078224.1	k__unidentified;p__Oomycota;c__Stramenopiles;o__Saprolegniales;f__Verrucalvaceae;g__Aphanomyces;s__Aphanomyces_astaci
MH203014.1	k__unidentified;p__Oomycota;c__Stramenopiles;o__Pythiales;f__Pythiaceae;g__Globisporangium;s__Globisporangium_monoclinum
MH356546.1	k__unidentified;p__Oomycota;c__Stramenopiles;o__Pythiales;f__Pythiaceae;g__Pythium;s__Pythium_periculosum
MH626654.1	k__unidentified;p__Oomycota;c__Stramenopiles;o__Saprolegniales;f__Saprolegniaceae;g__Saprolegnia;s__Saprolegnia_maragheica
MH730799.1	k__unidentified;p__Oomycota;c__Stramenopiles;o__Peronosporales;f__Peronosporaceae;g__Peronospora;s__Peronospora_cyparissiae
MH730800.1	k__unidentified;p__Oomycota;c__Stramenopiles;o__Peronosporales;f__Peronosporaceae;g__Peronospora;s__Peronospora_esulae
MH730801.1	k__unidentified;p__Oomycota;c__Stramenopiles;o__Peronosporales;f__Peronosporaceae;g__Peronospora;s__Peronospora_argemones
MH730802.1	k__unidentified;p__Oomycota;c__Stramenopiles;o__Peronosporales;f__Peronosporaceae;g__Peronospora;s__Peronospora_arborescens
MH730803.1	k__unidentified;p__Oomycota;c__Stramenopiles;o__Peronosporales;f__Peronosporaceae;g__Peronospora;s__Peronospora_hiemalis
MH730804.1	k__unidentified;p__Oomycota;c__Stramenopiles;o__Peronosporales;f__Peronosporaceae;g__Peronospora;s__Peronospora_ficariae
MH730805.1	k__unidentified;p__Oomycota;c__Stramenopiles;o__Peronosporales;f__Peronosporaceae;g__Peronospora;s__Peronospora_ranunculi
MH730806.1	k__unidentified;p__Oomycota;c__Stramenopiles;o__Peronosporales;f__Peronosporaceae;g__Peronospora;s__Peronospora_ranunculi-sardoi
MH730808.1	k__unidentified;p__Oomycota;c__Stramenopiles;o__Peronosporales;f__Peronosporaceae;g__Peronospora;s__Peronospora_illyrica
MH730809.1	k__unidentified;p__Oomycota;c__Stramenopiles;o__Peronosporales;f__Peronosporaceae;g__Peronospora;s__Peronospora_meconopsidis
MH730810.1	k__unidentified;p__Oomycota;c__Stramenopiles;o__Peronosporales;f__Peronosporaceae;g__Peronospora;s__Peronospora_pulveracea
MH730811.1	k__unidentified;p__Oomycota;c__Stramenopiles;o__Peronosporales;f__Peronosporaceae;g__Peronospora;s__Peronospora_alpicola
MH730817.1	k__unidentified;p__Oomycota;c__Stramenopiles;o__Peronosporales;f__Peronosporaceae;g__Peronospora;s__Peronospora_chrysosplenii
MK163944.1	k__unidentified;p__Oomycota;c__Stramenopiles;o__Peronosporales;f__Peronosporaceae;g__Phytophthora;s__Phytophthora_abietivora
MK212930.1	k__unidentified;p__Oomycota;c__Stramenopiles;o__Peronosporales;f__Peronosporaceae;g__Peronospora;s__Peronospora_bulbocapni
MK282209.1	k__unidentified;p__Oomycota;c__Stramenopiles;o__Peronosporales;f__Peronosporaceae;g__Phytophthora;s__Phytophthora_aleatoria
MK394004.1	k__unidentified;p__Oomycota;c__Stramenopiles;o__Peronosporales;f__Peronosporaceae;g__Peronospora;s__Peronospora_variabilis
MK496513.1	k__unidentified;p__Oomycota;c__Stramenopiles;o__Peronosporales;f__Peronosporaceae;g__Phytophthora;s__Phytophthora_x_alni
MK496514.1	k__unidentified;p__Oomycota;c__Stramenopiles;o__Peronosporales;f__Peronosporaceae;g__Phytophthora;s__Phytophthora_uniformis
MK496515.1	k__unidentified;p__Oomycota;c__Stramenopiles;o__Peronosporales;f__Peronosporaceae;g__Phytophthora;s__Phytophthora_andina
MK496516.1	k__unidentified;p__Oomycota;c__Stramenopiles;o__Peronosporales;f__Peronosporaceae;g__Phytophthora;s__Phytophthora_botryosa
MK496519.1	k__unidentified;p__Oomycota;c__Stramenopiles;o__Peronosporales;f__Peronosporaceae;g__Phytophthora;s__Phytophthora_humicola
MK496521.1	k__unidentified;p__Oomycota;c__Stramenopiles;o__Peronosporales;f__Peronosporaceae;g__Phytophthora;s__Phytophthora_richardiae
MK496522.1	k__unidentified;p__Oomycota;c__Stramenopiles;o__Peronosporales;f__Peronosporaceae;g__Phytophthora;s__Phytophthora_virginiana
MK496523.1	k__unidentified;p__Oomycota;c__Stramenopiles;o__Peronosporales;f__Peronosporaceae;g__Phytophthora;s__Phytophthora_x_pelgrandis
MK513781.1	k__unidentified;p__Oomycota;c__Stramenopiles;o__Saprolegniales;f__Verrucalvaceae;g__Aphanomyces;s__Aphanomyces_helicoides
MK524757.1	k__unidentified;p__Oomycota;c__Stramenopiles;o__Peronosporales;f__Peronosporaceae;g__Bremia;s__Bremia_lactucae
MK990104.1	k__unidentified;p__Oomycota;c__Stramenopiles;o__Leptomitales;f__unidentified;g__Periplasma;s__Periplasma_isogametum
MN061374.1	k__unidentified;p__Oomycota;c__Stramenopiles;o__Peronosporales;f__Peronosporaceae;g__Peronospora;s__Peronospora_kuewa
MN385741.1	k__unidentified;p__Oomycota;c__Stramenopiles;o__Peronosporales;f__Peronosporaceae;g__Phytophthora;s__Phytophthora_cathayensis
MN450322.1	k__unidentified;p__Oomycota;c__Stramenopiles;o__Peronosporales;f__Peronosporaceae;g__Peronospora;s__Peronospora_teucrii
MN450325.1	k__unidentified;p__Oomycota;c__Stramenopiles;o__Peronosporales;f__Peronosporaceae;g__Peronospora;s__Peronospora_lamii
MN450331.1	k__unidentified;p__Oomycota;c__Stramenopiles;o__Peronosporales;f__Peronosporaceae;g__Peronospora;s__Peronospora_salviae-officinalis
MN450332.1	k__unidentified;p__Oomycota;c__Stramenopiles;o__Peronosporales;f__Peronosporaceae;g__Peronospora;s__Peronospora_glechomae
MN557838.1	k__unidentified;p__Oomycota;c__Stramenopiles;o__Peronosporales;f__Peronosporaceae;g__Phytophthora;s__Phytophthora_aysenensis
MN565904.1	k__unidentified;p__Oomycota;c__Stramenopiles;o__Rhipidiales;f__Salispinaceae;g__Salispina;s__Salispina_spinosa
MN747441.1	k__unidentified;p__Oomycota;c__Stramenopiles;o__Saprolegniales;f__Saprolegniaceae;g__Saprolegnia;s__Saprolegnia_glomerata
MN784447.1	k__unidentified;p__Oomycota;c__Stramenopiles;o__Peronosporales;f__Peronosporaceae;g__Peronospora;s__Peronospora_viciae
MN879857.1	k__unidentified;p__Oomycota;c__Stramenopiles;o__Saprolegniales;f__Saprolegniaceae;g__Pythiopsis;s__Pythiopsis_irregularis
MN901149.1	k__unidentified;p__Oomycota;c__Stramenopiles;o__Pythiales;f__Pythiaceae;g__Globisporangium;s__Globisporangium_selbyi
MT074263.1	k__unidentified;p__Oomycota;c__Stramenopiles;o__Peronosporales;f__Peronosporaceae;g__Phytophthora;s__Phytophthora_theobromicola
MT124503.1	k__unidentified;p__Oomycota;c__Stramenopiles;o__Peronosporales;f__Peronosporaceae;g__Hyaloperonospora;s__Hyaloperonospora_daughtreyae
MT177225.1	k__unidentified;p__Oomycota;c__Stramenopiles;o__Pythiales;f__Pythiaceae;g__Globisporangium;s__Globisporangium_irregulare
MT177228.1	k__unidentified;p__Oomycota;c__Stramenopiles;o__Pythiales;f__Pythiaceae;g__Pythium;s__Pythium_tracheiphilum
MT210484.1	k__unidentified;p__Oomycota;c__Stramenopiles;o__Peronosporales;f__Peronosporaceae;g__Phytophthora;s__Phytophthora_aquae-cooljarloo
MT210487.1	k__unidentified;p__Oomycota;c__Stramenopiles;o__Peronosporales;f__Peronosporaceae;g__Phytophthora;s__Phytophthora_kelmanii
MT232393.1	k__unidentified;p__Oomycota;c__Stramenopiles;o__Peronosporales;f__Peronosporaceae;g__Phytophthora;s__Phytophthora_heterospora
MT278259.1	k__unidentified;p__Oomycota;c__Stramenopiles;o__Peronosporales;f__Peronosporaceae;g__Plasmopara;s__Plasmopara_destructor
MT554398.1	k__unidentified;p__Oomycota;c__Stramenopiles;o__Peronosporales;f__Peronosporaceae;g__Peronospora;s__Peronospora_aquilegiicola
MT555920.1	k__unidentified;p__Oomycota;c__Stramenopiles;o__Saprolegniales;f__Saprolegniaceae;g__Saprolegnia;s__Saprolegnia_australis
MT568651.1	k__unidentified;p__Oomycota;c__Stramenopiles;o__Peronosporales;f__Peronosporaceae;g__Phytophthora;s__Phytophthora_x_vanyenensis
MT568655.1	k__unidentified;p__Oomycota;c__Stramenopiles;o__Peronosporales;f__Peronosporaceae;g__Phytophthora;s__Phytophthora_multibullata
MT588812.1	k__unidentified;p__Oomycota;c__Stramenopiles;o__Peronosporales;f__Peronosporaceae;g__Peronospora;s__Peronospora_belbahrii
MT620974.1	k__unidentified;p__Oomycota;c__Stramenopiles;o__Pythiales;f__Pythiaceae;g__Phytopythium;s__Phytopythium_palingenes
MT707332.1	k__unidentified;p__Oomycota;c__Stramenopiles;o__Peronosporales;f__Peronosporaceae;g__Phytophthora;s__Phytophthora_alpina
MT734670.1	k__unidentified;p__Oomycota;c__Stramenopiles;o__Peronosporales;f__Peronosporaceae;g__Peronospora;s__Peronospora_clinopodii
MT734671.1	k__unidentified;p__Oomycota;c__Stramenopiles;o__Peronosporales;f__Peronosporaceae;g__Peronospora;s__Peronospora_elsholtziae
MT734672.1	k__unidentified;p__Oomycota;c__Stramenopiles;o__Peronosporales;f__Peronosporaceae;g__Peronospora;s__Peronospora_lathyrina
MT734673.1	k__unidentified;p__Oomycota;c__Stramenopiles;o__Peronosporales;f__Peronosporaceae;g__Peronospora;s__Peronospora_chenopodii-ambrosioidis
MT762301.1	k__unidentified;p__Oomycota;c__Stramenopiles;o__Peronosporales;f__Peronosporaceae;g__Phytophthora;s__Phytophthora_emzansi
MT762306.1	k__unidentified;p__Oomycota;c__Stramenopiles;o__Peronosporales;f__Peronosporaceae;g__Phytophthora;s__Phytophthora_afrocarpa
MW599272.1	k__unidentified;p__Oomycota;c__Stramenopiles;o__Peronosporales;f__Peronosporaceae;g__Peronospora;s__Peronospora_myosuri
MW599273.1	k__unidentified;p__Oomycota;c__Stramenopiles;o__Peronosporales;f__Peronosporaceae;g__Peronospora;s__Peronospora_eranthidis
MW892398.1	k__unidentified;p__Oomycota;c__Stramenopiles;o__Peronosporales;f__Peronosporaceae;g__Phytophthora;s__Phytophthora_mediterranea
MZ420209.1	k__unidentified;p__Oomycota;c__Stramenopiles;o__Peronosporales;f__Peronosporaceae;g__Phytophthora;s__Phytophthora_docyniae
MZ569854.1	k__unidentified;p__Oomycota;c__Stramenopiles;o__Peronosporales;f__Peronosporaceae;g__Phytophthora;s__Phytophthora_marrasii
MZ753910.1	k__unidentified;p__Oomycota;c__Stramenopiles;o__Peronosporales;f__Peronosporaceae;g__Nothophytophthora;s__Nothophytophthora_valdiviana
MZ753914.1	k__unidentified;p__Oomycota;c__Stramenopiles;o__Peronosporales;f__Peronosporaceae;g__Phytophthora;s__Phytophthora_infestans
MZ753919.1	k__unidentified;p__Oomycota;c__Stramenopiles;o__Peronosporales;f__Peronosporaceae;g__Phytophthora;s__Phytophthora_panamensis
MZ753925.1	k__unidentified;p__Oomycota;c__Stramenopiles;o__Peronosporales;f__Peronosporaceae;g__Phytophthora;s__Phytophthora_transitoria
MZ753930.1	k__unidentified;p__Oomycota;c__Stramenopiles;o__Peronosporales;f__Peronosporaceae;g__Phytophthora;s__Phytophthora_variabilis
OK033655.1	k__unidentified;p__Oomycota;c__Stramenopiles;o__Peronosporales;f__Peronosporaceae;g__Halophytophthora;s__Halophytophthora_lateralis
OK033663.1	k__unidentified;p__Oomycota;c__Stramenopiles;o__Peronosporales;f__Peronosporaceae;g__Halophytophthora;s__Halophytophthora_lusitanica
OK033664.1	k__unidentified;p__Oomycota;c__Stramenopiles;o__Peronosporales;f__Peronosporaceae;g__Halophytophthora;s__Halophytophthora_macrosporangia
OK033671.1	k__unidentified;p__Oomycota;c__Stramenopiles;o__Peronosporales;f__Peronosporaceae;g__Halophytophthora;s__Halophytophthora_sinuata
OK033680.1	k__unidentified;p__Oomycota;c__Stramenopiles;o__Peronosporales;f__Peronosporaceae;g__Halophytophthora;s__Halophytophthora_thermoambigua
OK041002.1	k__unidentified;p__Oomycota;c__Stramenopiles;o__Peronosporales;f__Peronosporaceae;g__Halophytophthora;s__Halophytophthora_frigida
ON000720.1	k__unidentified;p__Oomycota;c__Stramenopiles;o__Peronosporales;f__Peronosporaceae;g__Phytophthora;s__Phytophthora_celebensis
ON000726.1	k__unidentified;p__Oomycota;c__Stramenopiles;o__Peronosporales;f__Peronosporaceae;g__Phytophthora;s__Phytophthora_chilensis
ON000750.1	k__unidentified;p__Oomycota;c__Stramenopiles;o__Peronosporales;f__Peronosporaceae;g__Phytophthora;s__Phytophthora_javanensis
ON000760.1	k__unidentified;p__Oomycota;c__Stramenopiles;o__Peronosporales;f__Peronosporaceae;g__Phytophthora;s__Phytophthora_ludoviciana
ON000763.1	k__unidentified;p__Oomycota;c__Stramenopiles;o__Peronosporales;f__Peronosporaceae;g__Phytophthora;s__Phytophthora_multiglobulosa
ON000767.1	k__unidentified;p__Oomycota;c__Stramenopiles;o__Peronosporales;f__Peronosporaceae;g__Phytophthora;s__Phytophthora_procera
ON000773.1	k__unidentified;p__Oomycota;c__Stramenopiles;o__Peronosporales;f__Peronosporaceae;g__Phytophthora;s__Phytophthora_pseudochilensis
ON000774.1	k__unidentified;p__Oomycota;c__Stramenopiles;o__Peronosporales;f__Peronosporaceae;g__Phytophthora;s__Phytophthora_pseudogallica
ON000780.1	k__unidentified;p__Oomycota;c__Stramenopiles;o__Peronosporales;f__Peronosporaceae;g__Phytophthora;s__Phytophthora_pseudokernoviae
ON000786.1	k__unidentified;p__Oomycota;c__Stramenopiles;o__Peronosporales;f__Peronosporaceae;g__Phytophthora;s__Phytophthora_scandinavica
ON000790.1	k__unidentified;p__Oomycota;c__Stramenopiles;o__Peronosporales;f__Peronosporaceae;g__Phytophthora;s__Phytophthora_subarctica
ON000798.1	k__unidentified;p__Oomycota;c__Stramenopiles;o__Peronosporales;f__Peronosporaceae;g__Phytophthora;s__Phytophthora_tenuimura
ON000799.1	k__unidentified;p__Oomycota;c__Stramenopiles;o__Peronosporales;f__Peronosporaceae;g__Phytophthora;s__Phytophthora_tonkinensis
ON000805.1	k__unidentified;p__Oomycota;c__Stramenopiles;o__Peronosporales;f__Peronosporaceae;g__Phytophthora;s__Phytophthora_ukrainensis
ON130155.1	k__unidentified;p__Oomycota;c__Stramenopiles;o__Peronosporales;f__Peronosporaceae;g__Peronospora;s__Peronospora_psylliicola
ON860616.1	k__unidentified;p__Oomycota;c__Stramenopiles;o__Saprolegniales;f__Verrucalvaceae;g__Phragmosporangium;s__Phragmosporangium_uniseriatum
OP020178.1	k__unidentified;p__Oomycota;c__Stramenopiles;o__Peronosporales;f__Peronosporaceae;g__Phytophthora;s__Phytophthora_mexicana
OP020179.1	k__unidentified;p__Oomycota;c__Stramenopiles;o__Peronosporales;f__Peronosporaceae;g__Phytophthora;s__Phytophthora_nicotianae
OP910306.1	k__unidentified;p__Oomycota;c__Stramenopiles;o__Peronosporales;f__Peronosporaceae;g__Halophytophthora;s__Halophytophthora_fluviatilis
OQ991294.1	k__unidentified;p__Oomycota;c__Stramenopiles;o__Peronosporales;f__Peronosporaceae;g__Peronospora;s__Peronospora_capsici
MN747437.1	k__unidentified;p__Oomycota;c__Stramenopiles;o__Saprolegniales;f__Saprolegniaceae;g__Saprolegnia;s__Saprolegnia_blelhamensis
